route_id,stop_sequence
17522,"['AMSTERDAM CENTRAAL', 'SCHIPHOL AIRPORT', 'ROTTERDAM CENTRAAL']"
17562,"['UTRECHT CENTRAAL', 'GOUDA', 'ROTTERDAM ALEXANDER', 'ROTTERDAM CENTRAAL']"
17573,"['LEIDEN CENTRAAL', 'LEIDEN LAMMENSCHANS', 'ALPHEN A/D RIJN', 'BODEGRAVEN', 'WOERDEN', 'UTRECHT CENTRAAL']"
17599,"['ALMERE OOSTVAARDERS', 'ALMERE BUITEN', 'ALMERE PARKWIJK', 'ALMERE CENTRUM', 'ALMERE MUZIEKWIJK', 'ALMERE POORT', 'WEESP', 'DIEMEN ZUID', 'DUIVENDRECHT', 'AMSTERDAM RAI', 'AMSTERDAM ZUID', 'SCHIPHOL AIRPORT', 'HOOFDDORP']"
17601,"['DEN HAAG CENTRAAL', 'GOUDA', 'UTRECHT CENTRAAL', 'AMERSFOORT CENTRAAL', 'AMERSFOORT SCHOTHORST']"
17614,"['GRONINGEN', 'ASSEN', 'ZWOLLE', 'AMERSFOORT CENTRAAL', 'UTRECHT CENTRAAL', 'GOUDA', 'ROTTERDAM ALEXANDER', 'ROTTERDAM CENTRAAL']"
17615,"['BREDA', 'ROTTERDAM CENTRAAL', 'SCHIPHOL AIRPORT', 'AMSTERDAM CENTRAAL']"
17620,"['MEPPEL', 'STEENWIJK', 'WOLVEGA', 'HEERENVEEN', 'AKKRUM', 'GROU-JIRNSUM', 'LEEUWARDEN']"
17627,"['BAARN', 'SOESTDIJK', 'SOEST', 'SOEST ZUID', 'DEN DOLDER', 'BILTHOVEN', 'UTRECHT OVERVECHT', 'UTRECHT CENTRAAL']"
17641,"['ZWOLLE', 'WEZEP', ""HARDE ('T)"", 'NUNSPEET', 'HARDERWIJK', 'ERMELO', 'PUTTEN', 'NIJKERK', 'AMERSFOORT VATHORST', 'AMERSFOORT SCHOTHORST', 'AMERSFOORT CENTRAAL', 'DEN DOLDER', 'BILTHOVEN', 'UTRECHT OVERVECHT', 'UTRECHT CENTRAAL']"
17651,"['UTRECHT CENTRAAL', 'UTRECHT LEIDSCHE RIJN', 'UTRECHT TERWIJDE', 'VLEUTEN', 'WOERDEN', 'GOUDA GOVERWELLE', 'GOUDA', 'NIEUWERKERK AD IJSSEL', 'CAPELLE SCHOLLEVAAR', 'ROTTERDAM ALEXANDER', 'ROTTERDAM NOORD', 'ROTTERDAM CENTRAAL']"
17658,"['ROOSENDAAL', 'ETTEN-LEUR', 'BREDA', 'TILBURG', ""HERTOGENBOSCH ('S)"", 'OSS', 'NIJMEGEN', 'ARNHEM CENTRAAL', 'DIEREN', 'ZUTPHEN', 'DEVENTER', 'OLST', 'WIJHE', 'ZWOLLE']"
17661,"['DEN HAAG CENTRAAL', 'LEIDEN CENTRAAL', 'HEEMSTEDE-AERDENHOUT', 'HAARLEM', 'AMSTERDAM SLOTERDIJK', 'AMSTERDAM CENTRAAL']"
17705,"['DEN HAAG CENTRAAL', 'GOUDA', 'UTRECHT CENTRAAL', 'AMERSFOORT CENTRAAL', 'APELDOORN', 'DEVENTER', 'ALMELO', 'HENGELO', 'ENSCHEDE']"
17725,"['HANNOVER HBF', 'MINDEN (WESTF)', 'BAD OEYNHAUSEN', 'OSNABRUCK HBF', 'RHEINE', 'BAD BENTHEIM', 'HENGELO', 'ALMELO', 'DEVENTER', 'APELDOORN', 'AMERSFOORT CENTRAAL', 'HILVERSUM', 'AMSTERDAM CENTRAAL']"
17748,"['UITGEEST', 'KROMMENIE-ASSENDELFT', 'WORMERVEER', 'ZAANDIJK ZAANSE SCHANS', 'KOOG AAN DE ZAAN', 'ZAANDAM', 'AMSTERDAM SLOTERDIJK', 'AMSTERDAM CENTRAAL', 'AMSTERDAM MUIDERPOORT', 'AMSTERDAM AMSTEL', 'DUIVENDRECHT', 'AMSTERDAM BIJLMER ARENA', 'AMSTERDAM HOLENDRECHT', 'ABCOUDE', 'BREUKELEN', 'WOERDEN', 'GOUDA GOVERWELLE', 'GOUDA', 'NIEUWERKERK AD IJSSEL', 'CAPELLE SCHOLLEVAAR', 'ROTTERDAM ALEXANDER', 'ROTTERDAM NOORD', 'ROTTERDAM CENTRAAL']"
17752,"['WINTERSWIJK', 'WINTERSWIJK WEST', 'LICHTENVOORDE-GROENLO', 'RUURLO', 'VORDEN', 'ZUTPHEN']"
17760,"['ENSCHEDE', 'ENSCHEDE DE ESCHMARKE', 'GLANERBRUG', 'GRONAU WESTF', 'OCHTRUP', 'METELEN LAND', 'STEINFURT-BURGSTEINFURT', 'STEINFURT-GROTTENKAMP', 'STEINFURT-BORGHORST', 'NORDWALDE', 'ALTENBERGE', 'MUNSTER-HAGER', 'MUNSTER (W) ZENTRUM NORD', 'MUNSTER (WESTF) HBF']"
17773,"['APELDOORN', 'APELDOORN DE MATEN', 'KLARENBEEK', 'VOORST-EMPE', 'ZUTPHEN']"
17782,"['GRONINGEN', 'ASSEN', 'ZWOLLE', 'LELYSTAD CENTRUM', 'ALMERE CENTRUM', 'AMSTERDAM ZUID', 'SCHIPHOL AIRPORT', 'LEIDEN CENTRAAL', 'DEN HAAG CENTRAAL']"
17792,"['DEN HELDER', 'DEN HELDER ZUID', 'ANNA PAULOWNA', 'SCHAGEN', 'HEERHUGOWAARD', 'ALKMAAR NOORD', 'ALKMAAR', 'HEILOO', 'CASTRICUM', 'ZAANDAM', 'AMSTERDAM SLOTERDIJK', 'AMSTERDAM CENTRAAL', 'AMSTERDAM AMSTEL', 'UTRECHT CENTRAAL', 'VEENENDAAL-DE KLOMP', 'EDE-WAGENINGEN', 'ARNHEM CENTRAAL', 'NIJMEGEN']"
17795,"['PARIS-NORD', 'BRUSSEL-ZUID/MIDI', 'ANTWERPEN-CENTRAAL', 'ROTTERDAM CENTRAAL', 'SCHIPHOL AIRPORT', 'AMSTERDAM CENTRAAL']"
17803,"['ZANDVOORT AAN ZEE', 'OVERVEEN', 'HAARLEM', 'HAARLEM SPAARNWOUDE', 'HALFWEG-ZWANENBURG', 'AMSTERDAM SLOTERDIJK', 'AMSTERDAM CENTRAAL']"
17828,"['DEN HAAG CENTRAAL', 'DEN HAAG LAAN V NOI', 'DEN HAAG MARIAHOEVE', 'VOORSCHOTEN', 'DE VINK', 'LEIDEN CENTRAAL', 'VOORHOUT', 'HILLEGOM', 'HEEMSTEDE-AERDENHOUT', 'HAARLEM']"
18646,"['MAASTRICHT', 'MAASTRICHT RANDWYCK', 'EIJSDEN', 'VISE', 'BRESSOUX', 'LIEGE-GUILLEMINS', 'LIEGE-CARRE', 'LIEGE-SAINT-LAMBERT', 'HASSELT']"
18752,"['NIJMEGEN', 'ELST', 'ARNHEM CENTRAAL', 'EDE-WAGENINGEN', 'UTRECHT CENTRAAL']"
20895,"['AMSTERDAM BIJLMER ARENA', 'SCHIPHOL AIRPORT', 'LEIDEN CENTRAAL']"
31675,"['SCHIPHOL AIRPORT', 'AMSTERDAM ZUID', 'DUIVENDRECHT', 'HILVERSUM', 'AMERSFOORT CENTRAAL', 'AMERSFOORT SCHOTHORST']"
31677,"['SCHIPHOL AIRPORT', 'AMSTERDAM ZUID', 'AMSTERDAM BIJLMER ARENA', 'UTRECHT CENTRAAL', 'DRIEBERGEN-ZEIST', 'EDE-WAGENINGEN', 'ARNHEM CENTRAAL', 'NIJMEGEN']"
31682,"['ENSCHEDE', 'HENGELO', 'ALMELO', 'DEVENTER', 'APELDOORN', 'AMERSFOORT CENTRAAL', 'HILVERSUM', 'DUIVENDRECHT', 'AMSTERDAM ZUID', 'SCHIPHOL AIRPORT']"
31704,"['ALKMAAR', 'HEILOO', 'CASTRICUM', 'BEVERWIJK', 'HAARLEM']"
34238,"['AMSTERDAM CENTRAAL', 'UTRECHT CENTRAAL', 'ARNHEM CENTRAAL', 'OBERHAUSEN HBF', 'DUISBURG HBF', 'DUSSELDORF HBF', 'KOLN MESSE/DEUTZ', 'FRANKFURT FLUGHAFEN FERNB', 'FRANKFURT (M) HBF']"
34264,"['BASEL SBB', 'BASEL BAD BF', 'FREIBURG (BREISGAU) HBF', 'OFFENBURG', 'KARLSRUHE HBF', 'MANNHEIM HBF', 'FRANKFURT FLUGHAFEN FERNB', 'SIEGBURG', 'KOLN HBF', 'DUSSELDORF HBF', 'DUISBURG HBF', 'OBERHAUSEN HBF', 'ARNHEM CENTRAAL', 'UTRECHT CENTRAAL', 'AMSTERDAM CENTRAAL']"
37218,"['WINTERSWIJK', 'AALTEN', 'VARSSEVELD', 'TERBORG', 'GAANDEREN', 'DOETINCHEM', 'DOETINCHEM DE HUET', 'WEHL', 'DIDAM', 'ZEVENAAR', 'DUIVEN', 'WESTERVOORT', 'ARNHEM VELPERPOORT', 'ARNHEM CENTRAAL']"
37247,"['ARNHEM CENTRAAL', 'ARNHEM VELPERPOORT', 'WESTERVOORT', 'DUIVEN', 'ZEVENAAR', 'DIDAM', 'WEHL', 'DOETINCHEM DE HUET', 'DOETINCHEM']"
37294,"['EDE-WAGENINGEN', 'WOLFHEZE', 'OOSTERBEEK', 'ARNHEM CENTRAAL']"
37307,"['ARNHEM CENTRAAL', 'ELST', 'ZETTEN-ANDELST', 'HEMMEN-DODEWAARD', 'OPHEUSDEN', 'KESTEREN', 'TIEL']"
41200,"['ROTTERDAM CENTRAAL', 'ROTTERDAM NOORD', 'ROTTERDAM ALEXANDER', 'CAPELLE SCHOLLEVAAR', 'NIEUWERKERK AD IJSSEL', 'GOUDA', 'GOUDA GOVERWELLE']"
41201,"['ALPHEN A/D RIJN', 'LEIDEN LAMMENSCHANS', 'LEIDEN CENTRAAL']"
41202,"['AMSTERDAM CENTRAAL', 'AMSTERDAM SLOTERDIJK', 'HAARLEM', 'HEEMSTEDE-AERDENHOUT', 'LEIDEN CENTRAAL', 'DEN HAAG LAAN V NOI', 'DEN HAAG HS', 'DELFT', 'SCHIEDAM CENTRUM', 'ROTTERDAM CENTRAAL', 'ROTTERDAM BLAAK', 'DORDRECHT', 'ROOSENDAAL', 'BERGEN OP ZOOM', 'RILLAND-BATH', 'KRABBENDIJKE', 'KRUININGEN-YERSEKE', 'KAPELLE-BIEZELINGE', 'GOES', 'ARNEMUIDEN', 'MIDDELBURG', 'VLISSINGEN SOUBURG', 'VLISSINGEN']"
41206,"['UTRECHT CENTRAAL', 'UTRECHT OVERVECHT', 'HOLLANDSCHE RADING', 'HILVERSUM SPORTPARK', 'HILVERSUM', 'HILVERSUM MEDIA PARK', 'BUSSUM ZUID', 'NAARDEN-BUSSUM', 'WEESP', 'DIEMEN ZUID', 'DUIVENDRECHT', 'AMSTERDAM RAI', 'AMSTERDAM ZUID', 'SCHIPHOL AIRPORT', 'HOOFDDORP']"
41208,"['DORDRECHT', 'DORDRECHT ZUID', 'LAGE ZWALUWE', 'ZEVENBERGEN', 'OUDENBOSCH', 'ROOSENDAAL']"
41210,"['ROTTERDAM CENTRAAL', 'ROTTERDAM ALEXANDER', 'GOUDA', 'UTRECHT CENTRAAL', 'AMERSFOORT CENTRAAL', 'ZWOLLE', 'MEPPEL', 'STEENWIJK', 'HEERENVEEN', 'LEEUWARDEN']"
41214,"['AMSTERDAM CENTRAAL', 'AMSTERDAM SLOTERDIJK', 'HOORN', 'HOORN KERSENBOOGERD', 'HOOGKARSPEL', 'BOVENKARSPEL-GROOTEBROEK', 'BOVENKARSPEL FLORA', 'ENKHUIZEN']"
41216,"['APELDOORN', 'APELDOORN OSSEVELD', 'TWELLO', 'DEVENTER', 'DEVENTER COLMSCHATE', 'HOLTEN', 'RIJSSEN', 'WIERDEN', 'ALMELO']"
41217,"['UTRECHT CENTRAAL', 'UTRECHT OVERVECHT', 'HOLLANDSCHE RADING', 'HILVERSUM SPORTPARK', 'HILVERSUM', 'NAARDEN-BUSSUM', 'ALMERE POORT', 'ALMERE MUZIEKWIJK', 'ALMERE CENTRUM']"
41220,"['ZWOLLE', 'MEPPEL', 'HOOGEVEEN', 'BEILEN', 'ASSEN', 'HAREN', 'GRONINGEN EUROPAPARK', 'GRONINGEN']"
41221,"['GOUDA', 'WADDINXVEEN TRIANGEL', 'WADDINXVEEN', 'WADDINXVEEN NOORD', 'BOSKOOP SNIJDELWIJK', 'BOSKOOP', 'ALPHEN A/D RIJN']"
41223,"['LEEUWARDEN', 'HEERENVEEN', 'STEENWIJK', 'MEPPEL', 'ZWOLLE', 'LELYSTAD CENTRUM', 'ALMERE CENTRUM', 'AMSTERDAM ZUID', 'SCHIPHOL AIRPORT', 'LEIDEN CENTRAAL', 'DEN HAAG CENTRAAL']"
41226,"['AMSTERDAM CENTRAAL', 'AMSTERDAM SLOTERDIJK', 'HALFWEG-ZWANENBURG', 'HAARLEM SPAARNWOUDE', 'HAARLEM', 'BLOEMENDAAL', 'SANTPOORT ZUID', 'SANTPOORT NOORD', 'DRIEHUIS', 'BEVERWIJK', 'HEEMSKERK', 'UITGEEST', 'CASTRICUM', 'HEILOO', 'ALKMAAR', 'ALKMAAR NOORD', 'HEERHUGOWAARD', 'OBDAM', 'HOORN']"
41228,"['HOORN KERSENBOOGERD', 'HOORN', 'PURMEREND OVERWHERE', 'PURMEREND', 'PURMEREND WEIDEVENNE', 'ZAANDAM KOGERVELD', 'ZAANDAM', 'AMSTERDAM SLOTERDIJK', 'AMSTERDAM LELYLAAN', 'SCHIPHOL AIRPORT', 'HOOFDDORP', 'NIEUW VENNEP', 'SASSENHEIM', 'LEIDEN CENTRAAL']"
41236,"['WIJCHEN', 'NIJMEGEN DUKENBURG', 'NIJMEGEN GOFFERT', 'NIJMEGEN', 'NIJMEGEN LENT', 'ELST', 'ARNHEM ZUID', 'ARNHEM CENTRAAL', 'ARNHEM VELPERPOORT', 'ARNHEM PRESIKHAAF', 'VELP', 'RHEDEN', 'DIEREN', 'BRUMMEN', 'ZUTPHEN']"
41238,"['LELYSTAD CENTRUM', 'ALMERE BUITEN', 'ALMERE CENTRUM', 'DUIVENDRECHT', 'AMSTERDAM ZUID', 'SCHIPHOL AIRPORT', 'LEIDEN CENTRAAL', 'DEN HAAG LAAN V NOI', 'DEN HAAG HS', 'DELFT', 'SCHIEDAM CENTRUM', 'ROTTERDAM CENTRAAL', 'ROTTERDAM BLAAK', 'DORDRECHT']"
41239,"['DORDRECHT', 'ZWIJNDRECHT', 'BARENDRECHT', 'ROTTERDAM LOMBARDIJEN', 'ROTTERDAM ZUID', 'ROTTERDAM BLAAK', 'ROTTERDAM CENTRAAL', 'SCHIEDAM CENTRUM', 'DELFT CAMPUS', 'DELFT', 'RIJSWIJK', 'DEN HAAG MOERWIJK', 'DEN HAAG HS', 'DEN HAAG CENTRAAL']"
44942,"['AMSTERDAM CENTRAAL', 'ALMERE CENTRUM']"
44947,"['UTRECHT CENTRAAL', 'UTRECHT OVERVECHT', 'HILVERSUM SPORTPARK', 'HILVERSUM', 'NAARDEN-BUSSUM', 'ALMERE POORT', 'ALMERE MUZIEKWIJK', 'ALMERE CENTRUM']"
45189,"['GRONINGEN', 'GRONINGEN EUROPAPARK', 'HAREN', 'ASSEN', 'BEILEN', 'HOOGEVEEN', 'MEPPEL', 'ZWOLLE', 'KAMPEN ZUID', 'DRONTEN', 'LELYSTAD CENTRUM', 'ALMERE CENTRUM', 'AMSTERDAM CENTRAAL']"
45194,"['DEN HAAG CENTRAAL', 'VOORBURG', 'DEN HAAG YPENBURG', 'ZOETERMEER', 'ZOETERMEER OOST', 'LANSINGERLAND-ZOETERMEER', 'GOUDA', 'GOUDA GOVERWELLE']"
45223,"['MAASTRICHT RANDWYCK', 'MAASTRICHT', 'MAASTRICHT NOORD', 'MEERSSEN', 'HOUTHEM-ST. GERLACH', 'VALKENBURG', 'SCHIN OP GEUL', 'KLIMMEN-RANSDAAL', 'VOERENDAAL', 'HEERLEN WOONBOULEVARD', 'HEERLEN']"
45224,"['MAASTRICHT RANDWYCK', 'MAASTRICHT', 'BUNDE', 'BEEK-ELSLOO', 'GELEEN-LUTTERADE', 'SITTARD', 'SUSTEREN', 'ECHT', 'ROERMOND']"
45226,"['VENRAY', 'VIERLINGSBEEK', 'BOXMEER', 'CUIJK', 'MOOK-MOLENHOEK', 'NIJMEGEN HEYENDAAL', 'NIJMEGEN']"
45227,"['ROERMOND', 'SWALMEN', 'REUVER', 'TEGELEN', 'VENLO', 'BLERICK', 'VENRAY', 'VIERLINGSBEEK', 'BOXMEER', 'CUIJK', 'MOOK-MOLENHOEK', 'NIJMEGEN HEYENDAAL', 'NIJMEGEN']"
45231,"['KERKRADE CENTRUM', 'CHEVREMONT', 'EYGELSHOVEN', 'LANDGRAAF', 'HEERLEN', 'HOENSBROEK', 'NUTH', 'SCHINNEN', 'SPAUBEEK', 'GELEEN OOST', 'SITTARD']"
45383,"['ARNHEM CENTRAAL', 'ZEVENAAR', 'ELTEN', 'EMMERICH', 'WESEL', 'OBERHAUSEN-STERKRADE', 'OBERHAUSEN HBF', 'DUISBURG HBF', 'DUSSELDORF FLUGHAFEN', 'DUSSELDORF HBF']"
46036,"['AMSTERDAM CENTRAAL', 'AMSTERDAM SLOTERDIJK', 'AMSTERDAM LELYLAAN', 'SCHIPHOL AIRPORT', 'HOOFDDORP', 'NIEUW VENNEP', 'SASSENHEIM', 'LEIDEN CENTRAAL', 'DE VINK', 'VOORSCHOTEN', 'DEN HAAG MARIAHOEVE', 'DEN HAAG LAAN V NOI', 'DEN HAAG CENTRAAL']"
46084,"['AMERSFOORT VATHORST', 'AMERSFOORT SCHOTHORST', 'AMERSFOORT CENTRAAL', 'BAARN', 'HILVERSUM', 'HILVERSUM MEDIA PARK', 'BUSSUM ZUID', 'NAARDEN-BUSSUM', 'WEESP', 'DIEMEN', 'AMSTERDAM SCIENCE PARK', 'AMSTERDAM MUIDERPOORT', 'AMSTERDAM CENTRAAL']"
46092,"['ZWOLLE', 'KAMPEN ZUID', 'DRONTEN', 'LELYSTAD CENTRUM', 'ALMERE OOSTVAARDERS', 'ALMERE BUITEN', 'ALMERE PARKWIJK', 'ALMERE CENTRUM', 'ALMERE MUZIEKWIJK', 'ALMERE POORT', 'WEESP', 'DIEMEN', 'AMSTERDAM SCIENCE PARK', 'AMSTERDAM MUIDERPOORT', 'AMSTERDAM CENTRAAL']"
46093,"['HOOFDDORP', 'SCHIPHOL AIRPORT', 'AMSTERDAM LELYLAAN', 'AMSTERDAM SLOTERDIJK', 'AMSTERDAM CENTRAAL']"
51610,"['GRONINGEN', 'GRONINGEN EUROPAPARK', 'HAREN', 'ASSEN']"
52979,"['UTRECHT CENTRAAL', 'UTRECHT VAARTSCHE RIJN', 'UTRECHT LUNETTEN', 'HOUTEN', 'HOUTEN CASTELLUM']"
52982,"['ZWOLLE', 'ZWOLLE STADSHAGEN', 'KAMPEN']"
52984,"['HEERLEN', 'SITTARD', 'ROERMOND', 'WEERT', 'EINDHOVEN CENTRAAL', ""HERTOGENBOSCH ('S)"", 'UTRECHT CENTRAAL', 'AMSTERDAM AMSTEL', 'AMSTERDAM CENTRAAL', 'AMSTERDAM SLOTERDIJK', 'HOORN', 'HOORN KERSENBOOGERD', 'HOOGKARSPEL', 'BOVENKARSPEL-GROOTEBROEK', 'BOVENKARSPEL FLORA', 'ENKHUIZEN']"
52985,"['ALMELO', 'VRIEZENVEEN', 'DAARLERVEEN', 'VROOMSHOOP', 'MARIENBERG', 'HARDENBERG']"
52986,"['ENKHUIZEN', 'BOVENKARSPEL FLORA', 'BOVENKARSPEL-GROOTEBROEK', 'HOOGKARSPEL', 'HOORN KERSENBOOGERD', 'HOORN', 'AMSTERDAM SLOTERDIJK', 'AMSTERDAM CENTRAAL', 'AMSTERDAM AMSTEL', 'UTRECHT CENTRAAL', ""HERTOGENBOSCH ('S)"", 'EINDHOVEN CENTRAAL', 'WEERT', 'ROERMOND', 'SITTARD', 'MAASTRICHT']"
52987,"['ROOSENDAAL', 'BERGEN OP ZOOM', 'RILLAND-BATH', 'KRABBENDIJKE', 'KRUININGEN-YERSEKE', 'KAPELLE-BIEZELINGE', 'GOES', 'ARNEMUIDEN', 'MIDDELBURG', 'VLISSINGEN SOUBURG', 'VLISSINGEN']"
52989,"['ENSCHEDE', 'ENSCHEDE KENNISPARK', 'HENGELO', 'BORNE', 'ALMELO DE RIET', 'ALMELO', 'WIERDEN', 'NIJVERDAL', 'RAALTE', 'HEINO', 'ZWOLLE']"
52990,"['ALKMAAR', 'CASTRICUM', 'ZAANDAM', 'AMSTERDAM SLOTERDIJK', 'AMSTERDAM CENTRAAL', 'AMSTERDAM AMSTEL', 'UTRECHT CENTRAAL', ""HERTOGENBOSCH ('S)"", 'EINDHOVEN CENTRAAL', 'WEERT', 'ROERMOND', 'SITTARD', 'MAASTRICHT']"
52991,"['BREUKELEN', 'MAARSSEN', 'UTRECHT ZUILEN', 'UTRECHT CENTRAAL', 'UTRECHT VAARTSCHE RIJN', 'BUNNIK', 'DRIEBERGEN-ZEIST', 'MAARN', 'VEENENDAAL WEST', 'VEENENDAAL CENTRUM', 'RHENEN']"
52993,"['OLDENZAAL', 'HENGELO OOST', 'HENGELO', 'HENGELO GEZONDHEIDSPARK', 'DELDEN', 'GOOR', 'LOCHEM', 'ZUTPHEN']"
52996,"['ZWOLLE', 'DALFSEN', 'OMMEN', 'MARIENBERG', 'HARDENBERG', 'COEVORDEN', 'NIEUW AMSTERDAM', 'EMMEN ZUID', 'EMMEN']"
53004,"['EMMEN', 'EMMEN ZUID', 'NIEUW AMSTERDAM', 'DALEN', 'COEVORDEN', 'GRAMSBERGEN', 'HARDENBERG', 'MARIENBERG', 'OMMEN', 'DALFSEN', 'ZWOLLE']"
53898,"['VENLO', 'BLERICK', 'HORST-SEVENUM', 'DEURNE', 'HELMOND', 'EINDHOVEN CENTRAAL', ""HERTOGENBOSCH ('S)"", 'UTRECHT CENTRAAL', 'AMSTERDAM BIJLMER ARENA', 'AMSTERDAM ZUID', 'SCHIPHOL AIRPORT']"
59426,"['BRUSSEL-ZUID/MIDI', 'BRUSSEL-CENTRAAL', 'BRUSSEL-NOORD', 'BRUSSELS AIRPORT - ZAVENTEM', 'MECHELEN', 'ANTWERPEN-BERCHEM', 'ANTWERPEN-CENTRAAL', 'NOORDERKEMPEN', 'BREDA', 'ROTTERDAM CENTRAAL', 'SCHIPHOL AIRPORT', 'AMSTERDAM CENTRAAL']"
60129,"['UTRECHT MALIEBAAN', 'UTRECHT CENTRAAL']"
61275,"['ENSCHEDE', 'HENGELO', 'ALMELO', 'NIJVERDAL', 'RAALTE', 'ZWOLLE']"
61913,"['DORDRECHT', 'DORDRECHT STADSPOLDERS', 'SLIEDRECHT BAANHOEK', 'SLIEDRECHT', 'HARDINXVELD-GIESSENDAM', 'BOVEN-HARDINXVELD', 'GORINCHEM']"
61914,"['DORDRECHT', 'DORDRECHT ZUID', 'LAGE ZWALUWE', 'BREDA-PRINSENBEEK', 'BREDA', 'GILZE-RIJEN', 'TILBURG REESHOF', 'TILBURG UNIVERSITEIT', 'TILBURG', ""HERTOGENBOSCH ('S)"", ""HERTOGENB ('S) OOST"", 'ROSMALEN', 'OSS WEST', 'OSS', 'RAVENSTEIN', 'WIJCHEN', 'NIJMEGEN DUKENBURG', 'NIJMEGEN GOFFERT', 'NIJMEGEN', 'NIJMEGEN LENT', 'ELST', 'ARNHEM ZUID', 'ARNHEM CENTRAAL']"
61916,"[""HERTOGENBOSCH ('S)"", ""HERTOGENB ('S) OOST"", 'ROSMALEN', 'OSS WEST', 'OSS', 'RAVENSTEIN', 'WIJCHEN', 'NIJMEGEN DUKENBURG', 'NIJMEGEN GOFFERT', 'NIJMEGEN', 'NIJMEGEN LENT', 'ELST', 'ARNHEM ZUID', 'ARNHEM CENTRAAL']"
61918,"['GELDERMALSEN', 'BEESD', 'LEERDAM', 'ARKEL', 'GORINCHEM', 'BOVEN-HARDINXVELD', 'HARDINXVELD-GIESSENDAM', 'HARDINXVELD BLAUWE ZOOM', 'SLIEDRECHT', 'SLIEDRECHT BAANHOEK', 'DORDRECHT STADSPOLDERS', 'DORDRECHT']"
61919,"['ROOSENDAAL', 'ESSEN (B)', 'WILDERT', 'KALMTHOUT', 'KIJKUIT', 'HEIDE (B)', 'KAPELLEN', 'SINT-MARIABURG', 'EKEREN', 'ANTWERPEN-NOORDERDOKKEN', 'ANTWERPEN-LUCHTBAL', 'ANTWERPEN-CENTRAAL', 'ANTWERPEN-BERCHEM', 'ANTWERPEN-ZUID', 'PUURS']"
61920,"['RHENEN', 'VEENENDAAL CENTRUM', 'VEENENDAAL WEST', 'MAARN', 'DRIEBERGEN-ZEIST', 'BUNNIK', 'UTRECHT VAARTSCHE RIJN', 'UTRECHT CENTRAAL', 'UTRECHT ZUILEN', 'MAARSSEN', 'BREUKELEN', 'ABCOUDE', 'AMSTERDAM HOLENDRECHT', 'AMSTERDAM BIJLMER ARENA', 'DUIVENDRECHT', 'AMSTERDAM AMSTEL', 'AMSTERDAM MUIDERPOORT', 'AMSTERDAM CENTRAAL', 'AMSTERDAM SLOTERDIJK', 'ZAANDAM', 'KOOG AAN DE ZAAN', 'ZAANDIJK ZAANSE SCHANS', 'WORMERVEER', 'KROMMENIE-ASSENDELFT', 'UITGEEST']"
66117,"['VENLO', 'BLERICK', 'HORST-SEVENUM', 'DEURNE', 'HELMOND', 'EINDHOVEN CENTRAAL', ""HERTOGENBOSCH ('S)"", 'UTRECHT CENTRAAL', 'AMSTERDAM BIJLMER ARENA', 'AMSTERDAM ZUID', 'SCHIPHOL AIRPORT', 'LEIDEN CENTRAAL', 'DEN HAAG LAAN V NOI', 'DEN HAAG HS', 'DELFT', 'SCHIEDAM CENTRUM', 'ROTTERDAM CENTRAAL', 'ROTTERDAM BLAAK', 'DORDRECHT']"
66763,"['DEURNE', 'HELMOND BROUWHUIS', 'HELMOND', ""HELMOND 'T HOUT"", 'HELMOND BRANDEVOORT', 'EINDHOVEN CENTRAAL', 'EINDHOVEN STRIJP-S', 'BEST', 'BOXTEL', 'VUGHT', ""HERTOGENBOSCH ('S)""]"
66765,"['UTRECHT CENTRAAL', 'AMSTERDAM CENTRAAL', 'SCHIPHOL AIRPORT', 'LEIDEN CENTRAAL', 'DEN HAAG HS', 'GOUDA', 'GOUDA', 'ROTTERDAM CENTRAAL']"
66772,"['APELDOORN', 'ZUTPHEN', 'VORDEN', 'RUURLO', 'LICHTENVOORDE-GROENLO', 'WINTERSWIJK WEST', 'WINTERSWIJK']"
67394,"['DEN HAAG CENTRAAL', 'DEN HAAG HS', 'DELFT', 'ROTTERDAM CENTRAAL', 'BREDA', 'TILBURG', 'EINDHOVEN CENTRAAL']"
67395,"['TILBURG', ""HERTOGENBOSCH ('S)""]"
67399,"['AMERSFOORT CENTRAAL', 'UTRECHT CENTRAAL', 'GOUDA', 'DEN HAAG CENTRAAL']"
67400,"['VENLO', 'BLERICK', 'HORST-SEVENUM', 'DEURNE', 'HELMOND', 'EINDHOVEN CENTRAAL']"
67402,"['UTRECHT CENTRAAL', 'AMSTERDAM CENTRAAL', 'SCHIPHOL AIRPORT', 'LEIDEN CENTRAAL', 'DEN HAAG HS', 'DELFT', 'ROTTERDAM CENTRAAL']"
67404,"['AMERSFOORT CENTRAAL', 'NIJKERK', 'HARDERWIJK']"
67406,"['BARNEVELD ZUID', 'BARNEVELD CENTRUM', 'BARNEVELD NOORD', 'HOEVELAKEN', 'AMERSFOORT CENTRAAL']"
67407,"['WEERT', 'MAARHEEZE', 'HEEZE', 'GELDROP', 'EINDHOVEN CENTRAAL']"
67412,"['EINDHOVEN CENTRAAL', 'EINDHOVEN STRIJP-S', 'BEST', 'BOXTEL', 'OISTERWIJK', 'TILBURG', 'TILBURG UNIVERSITEIT']"
67415,"['ROOSENDAAL', 'ESSEN (B)', 'WILDERT', 'KALMTHOUT', 'KIJKUIT', 'HEIDE (B)', 'KAPELLEN', 'SINT-MARIABURG', 'EKEREN', 'ANTWERPEN-NOORDERDOKKEN', 'ANTWERPEN-LUCHTBAL', 'ANTWERPEN-CENTRAAL']"
67416,"['DORDRECHT', 'BREDA', 'TILBURG', 'BOXTEL', 'EINDHOVEN CENTRAAL']"
67419,"['EDE-WAGENINGEN', 'EDE CENTRUM', 'LUNTEREN', 'BARNEVELD ZUID', 'BARNEVELD CENTRUM', 'BARNEVELD NOORD', 'HOEVELAKEN', 'AMERSFOORT CENTRAAL']"
67422,"['UTRECHT CENTRAAL', 'AMERSFOORT CENTRAAL']"
67424,"['HEERLEN', 'VALKENBURG', 'MEERSSEN', 'MAASTRICHT']"
67425,"['HENGELO', 'OLDENZAAL', 'BAD BENTHEIM', 'RHEINE', 'OSNABRUCK HBF', 'BUNDE (WESTF.)', 'BIELEFELD HBF']"
67431,"['AMSTERDAM CENTRAAL', 'HILVERSUM', 'AMERSFOORT CENTRAAL']"
67449,"['MAASTRICHT', 'MEERSSEN', 'VALKENBURG', 'HEERLEN', 'LANDGRAAF', 'EYGELSHOVEN MARKT', 'HERZOGENRATH', 'AACHEN WEST', 'AACHEN HBF']"
67615,"['ARNHEM CENTRAAL', 'ARNHEM VELPERPOORT', 'WESTERVOORT', 'DUIVEN', 'ZEVENAAR', 'DIDAM', 'WEHL', 'DOETINCHEM DE HUET', 'DOETINCHEM', 'GAANDEREN', 'TERBORG']"
67971,"['HAMM (WESTF.)', 'BOENEN', 'UNNA', 'HOLZWICKEDE', 'SCHWERTE (RUHR)', 'HAGEN HBF', 'ENNEPETAL', 'SCHWELM', 'WUPPERTAL OBERBARMEN', 'WUPPERTAL-BARMEN', 'WUPPERTAL HBF', 'WUPPERTAL-VOHWINKEL', 'DUSSELDORF HBF', 'NEUSS HBF', 'MONCHENGLADBACH HBF', 'VIERSEN', 'DULKEN', 'BOISHEIM', 'BREYELL', 'KALDENKIRCHEN', 'VENLO']"
73488,"['WOERDEN', 'VLEUTEN', 'UTRECHT TERWIJDE', 'UTRECHT LEIDSCHE RIJN', 'UTRECHT CENTRAAL', 'UTRECHT VAARTSCHE RIJN', 'UTRECHT LUNETTEN', 'HOUTEN', 'HOUTEN CASTELLUM', 'CULEMBORG', 'GELDERMALSEN', 'ZALTBOMMEL', ""HERTOGENBOSCH ('S)""]"
73489,"['TIEL', 'TIEL PASSEWAAIJ', 'GELDERMALSEN', 'CULEMBORG', 'HOUTEN CASTELLUM', 'HOUTEN', 'UTRECHT LUNETTEN', 'UTRECHT VAARTSCHE RIJN', 'UTRECHT CENTRAAL', 'UTRECHT LEIDSCHE RIJN', 'UTRECHT TERWIJDE', 'VLEUTEN', 'WOERDEN', 'GOUDA GOVERWELLE', 'GOUDA', 'LANSINGERLAND-ZOETERMEER', 'ZOETERMEER OOST', 'ZOETERMEER', 'DEN HAAG YPENBURG', 'VOORBURG', 'DEN HAAG CENTRAAL']"
73941,"['EINDHOVEN CENTRAAL', 'HELMOND BRANDEVOORT', ""HELMOND 'T HOUT"", 'HELMOND', 'HELMOND BROUWHUIS', 'DEURNE']"
74608,"['HAARLEM', 'AMSTERDAM CENTRAAL']"
75060,"['LONDON ST. PANCRAS INT.', 'LILLE EUROPE', 'BRUSSEL-ZUID/MIDI', 'ROTTERDAM CENTRAAL', 'AMSTERDAM CENTRAAL']"
75061,"['AMSTERDAM CENTRAAL', 'HILVERSUM MEDIA PARK', 'HILVERSUM', 'HILVERSUM SPORTPARK', 'UTRECHT CENTRAAL']"
75062,"['DEN HAAG HS', 'ROTTERDAM CENTRAAL', 'BREDA', 'NOORDERKEMPEN', 'ANTWERPEN-CENTRAAL', 'ANTWERPEN-BERCHEM', 'MECHELEN', 'BRUSSELS AIRPORT - ZAVENTEM', 'BRUSSEL-NOORD', 'BRUSSEL-CENTRAAL', 'BRUSSEL-ZUID/MIDI']"
75064,"['NURNBERG HBF', 'FRANKFURT FLUGHAFEN FERNB', 'MAINZ HBF', 'KOBLENZ HBF', 'BONN HBF', 'KOLN HBF', 'DUSSELDORF HBF', 'DUISBURG HBF', 'ARNHEM CENTRAAL', 'UTRECHT CENTRAAL', 'AMSTERDAM CENTRAAL']"
75065,"['MARSEILLE-ST-CHARLES', 'AIX-EN-PROVENCE TGV', 'AVIGNON TGV', 'VALENCE TGV', 'BRUSSEL-ZUID/MIDI', 'ANTWERPEN-CENTRAAL', 'ROTTERDAM CENTRAAL', 'SCHIPHOL AIRPORT', 'AMSTERDAM CENTRAAL']"
76117,"['COEVORDEN', 'HARDENBERG', 'OMMEN', 'DALFSEN', 'ZWOLLE']"
76452,"['BERLIN HBF', 'BERLIN-SPANDAU', 'STENDAL', 'WOLFSBURG HBF', 'HANNOVER HBF', 'MINDEN (WESTF)', 'BAD OEYNHAUSEN', 'OSNABRUCK HBF', 'RHEINE', 'BAD BENTHEIM', 'HENGELO', 'ALMELO', 'DEVENTER', 'APELDOORN', 'AMERSFOORT CENTRAAL', 'HILVERSUM', 'AMSTERDAM CENTRAAL']"
76977,"['GRONINGEN', 'BUITENPOST', 'FEANWALDEN', 'LEEUWARDEN']"
76978,"['WINSCHOTEN', 'SCHEEMDA', 'GRONINGEN EUROPAPARK', 'GRONINGEN']"
76979,"['GRONINGEN', 'GRONINGEN EUROPAPARK', 'KROPSWOLDE', 'MARTENSHOEK', 'HOOGEZAND-SAPPEMEER', 'ZUIDBROEK', 'SCHEEMDA', 'WINSCHOTEN', 'BAD NIEUWESCHANS', 'WEENER']"
76980,"['SNEEK', 'SNEEK NOORD', 'MANTGUM', 'LEEUWARDEN']"
76981,"['STAVOREN', 'KOUDUM-MOLKWERUM', 'HINDELOOPEN', 'WORKUM', 'IJLST', 'SNEEK', 'SNEEK NOORD', 'MANTGUM', 'LEEUWARDEN']"
76982,"['LEEUWARDEN', 'DEINUM', 'DRONRYP', 'FRANEKER', 'HARLINGEN', 'HARLINGEN HAVEN']"
76983,"['GRONINGEN', 'ZUIDHORN', 'GRIJPSKERK', 'BUITENPOST', 'DE WESTEREEN', 'FEANWALDEN', 'HURDEGARYP', 'LEEUWARDEN CAMMINGHABUREN', 'LEEUWARDEN']"
76984,"['GRONINGEN', 'GRONINGEN EUROPAPARK', 'KROPSWOLDE', 'MARTENSHOEK', 'HOOGEZAND-SAPPEMEER', 'ZUIDBROEK', 'SCHEEMDA', 'WINSCHOTEN']"
76985,"['GRONINGEN', 'GRONINGEN NOORD', 'SAUWERD', 'WINSUM', 'BAFLO', 'WARFFUM', 'USQUERT', 'UITHUIZEN', 'UITHUIZERMEEDEN', 'ROODESCHOOL']"
76986,"['GRONINGEN', 'GRONINGEN NOORD', 'SAUWERD', 'BEDUM', 'STEDUM', 'LOPPERSUM', 'APPINGEDAM', 'DELFZIJL WEST', 'DELFZIJL']"
76987,"['GRONINGEN', 'GRONINGEN EUROPAPARK', 'KROPSWOLDE', 'MARTENSHOEK', 'HOOGEZAND-SAPPEMEER', 'ZUIDBROEK', 'VEENDAM']"
76990,"['ROTTERDAM CENTRAAL', 'BREDA', 'NOORDERKEMPEN', 'ANTWERPEN-CENTRAAL', 'ANTWERPEN-BERCHEM', 'MECHELEN', 'BRUSSELS AIRPORT - ZAVENTEM', 'BRUSSEL-NOORD', 'BRUSSEL-CENTRAAL', 'BRUSSEL-ZUID/MIDI']"
76993,"['LEIDEN CENTRAAL', 'HOOFDDORP', 'SCHIPHOL AIRPORT', 'AMSTERDAM SLOTERDIJK', 'AMSTERDAM CENTRAAL']"
77367,"['OLDENZAAL', 'HENGELO OOST', 'HENGELO']"
77574,"['HENGELO', 'BAD BENTHEIM']"
77590,"['DEN HELDER', 'DEN HELDER ZUID', 'ANNA PAULOWNA', 'SCHAGEN']"
77591,"['BERLIN HBF', 'BERLIN-SPANDAU', 'STENDAL', 'WOLFSBURG HBF', 'HANNOVER HBF', 'MINDEN (WESTF)', 'BUNDE (WESTF.)', 'OSNABRUCK HBF', 'RHEINE', 'BAD BENTHEIM', 'HENGELO', 'ALMELO', 'DEVENTER', 'APELDOORN', 'AMERSFOORT CENTRAAL', 'HILVERSUM', 'AMSTERDAM CENTRAAL']"
77592,"['AMSTERDAM CENTRAAL', 'HILVERSUM', 'AMERSFOORT CENTRAAL', 'DEVENTER', 'ALMELO', 'HENGELO', 'BAD BENTHEIM', 'RHEINE', 'OSNABRUCK HBF', 'BUNDE (WESTF.)', 'MINDEN (WESTF)', 'HANNOVER HBF']"
77593,"['AMSTERDAM CENTRAAL', 'HILVERSUM', 'AMERSFOORT CENTRAAL', 'APELDOORN', 'DEVENTER', 'ALMELO', 'HENGELO', 'BAD BENTHEIM', 'RHEINE', 'OSNABRUCK HBF', 'BUNDE (WESTF.)', 'BAD OEYNHAUSEN', 'MINDEN (WESTF)', 'HANNOVER HBF', 'WOLFSBURG HBF', 'STENDAL', 'BERLIN-SPANDAU', 'BERLIN HBF']"
77594,"['ENSCHEDE', 'ENSCHEDE DE ESCHMARKE', 'GLANERBRUG', 'GRONAU WESTF', 'EPE (WESTF)', 'AHAUS', 'LEGDEN', 'ROSENDAHL-HOLTWICK', 'COESFELD (WESTF)', 'LETTE (KR COESFELD)', 'DULMEN', 'LUDINGHAUSEN', 'SELM', 'SELM-BEIFANG', 'BORK (WESTF)', 'LUNEN HBF', 'PREUSSEN', 'DORTMUND-DERNE', 'DORTMUND-KIRCHDERNE', 'DORTMUND HBF']"
77595,"['AMSTERDAM CENTRAAL', 'SCHIPHOL AIRPORT', 'ROTTERDAM CENTRAAL', 'ANTWERPEN-CENTRAAL', 'BRUSSEL-ZUID/MIDI']"
77596,"['LEIDEN CENTRAAL', 'VOORHOUT', 'HILLEGOM', 'HEEMSTEDE-AERDENHOUT', 'HAARLEM']"
77597,"['LIEGE-GUILLEMINS', 'BRESSOUX', 'VISE', 'EIJSDEN', 'MAASTRICHT RANDWYCK', 'MAASTRICHT']"
77598,"['UTRECHT CENTRAAL', 'DRIEBERGEN-ZEIST', 'VEENENDAAL-DE KLOMP', 'EDE-WAGENINGEN', 'ARNHEM CENTRAAL', 'ELST', 'NIJMEGEN']"
77599,"['SCHIPHOL AIRPORT', 'AMSTERDAM BIJLMER ARENA']"
77600,"['FRANKFURT (M) HBF', 'FRANKFURT FLUGHAFEN FERNB', 'KOLN HBF', 'MONCHENGLADBACH HBF', ""HERTOGENBOSCH ('S)"", 'UTRECHT CENTRAAL', 'AMSTERDAM CENTRAAL']"
77601,"['FRANKFURT (M) HBF', 'FRANKFURT FLUGHAFEN FERNB', 'SIEGBURG', 'KOLN MESSE/DEUTZ', 'DUSSELDORF HBF', 'DUISBURG HBF', 'OBERHAUSEN HBF', 'ARNHEM CENTRAAL', 'UTRECHT CENTRAAL', 'AMSTERDAM CENTRAAL']"
77602,"['AMSTERDAM CENTRAAL', 'UTRECHT CENTRAAL', ""HERTOGENBOSCH ('S)"", 'MONCHENGLADBACH HBF', 'KOLN HBF', 'SIEGBURG', 'FRANKFURT FLUGHAFEN FERNB', 'MANNHEIM HBF', 'KARLSRUHE HBF', 'OFFENBURG', 'FREIBURG (BREISGAU) HBF', 'BASEL BAD BF', 'BASEL SBB']"
77603,"['AMSTERDAM CENTRAAL', 'UTRECHT CENTRAAL', ""HERTOGENBOSCH ('S)"", 'MONCHENGLADBACH HBF', 'FRANKFURT FLUGHAFEN FERNB', 'FRANKFURT (M) HBF']"
77604,"['ELST', 'ZETTEN-ANDELST', 'HEMMEN-DODEWAARD', 'OPHEUSDEN', 'KESTEREN', 'TIEL']"
77605,"['ENSCHEDE', 'ENSCHEDE KENNISPARK', 'HENGELO', 'BORNE', 'ALMELO DE RIET', 'ALMELO', 'WIERDEN', 'RIJSSEN', 'HOLTEN', 'DEVENTER COLMSCHATE', 'DEVENTER', 'TWELLO', 'APELDOORN OSSEVELD', 'APELDOORN']"
77606,"['UTRECHT CENTRAAL', 'UTRECHT OVERVECHT', 'HOLLANDSCHE RADING', 'HILVERSUM SPORTPARK', 'HILVERSUM']"
77607,"['HOOFDDORP', 'SCHIPHOL AIRPORT', 'AMSTERDAM LELYLAAN', 'AMSTERDAM SLOTERDIJK', 'ZAANDAM', 'ZAANDAM KOGERVELD', 'PURMEREND WEIDEVENNE', 'PURMEREND', 'PURMEREND OVERWHERE', 'HOORN', 'HOORN KERSENBOOGERD']"
77608,"['ZUTPHEN', 'BRUMMEN', 'DIEREN', 'RHEDEN', 'VELP', 'ARNHEM PRESIKHAAF', 'ARNHEM VELPERPOORT', 'ARNHEM CENTRAAL', 'ARNHEM ZUID', 'ELST', 'NIJMEGEN LENT', 'NIJMEGEN']"
77609,"['AMERSFOORT CENTRAAL', 'BAARN', 'HILVERSUM', 'HILVERSUM MEDIA PARK', 'BUSSUM ZUID', 'NAARDEN-BUSSUM', 'WEESP', 'DIEMEN', 'AMSTERDAM SCIENCE PARK', 'AMSTERDAM MUIDERPOORT', 'AMSTERDAM CENTRAAL']"
77610,"['HOUTEN CASTELLUM', 'UTRECHT CENTRAAL']"
77611,"['HEERLEN', 'SITTARD']"
77612,"['VLISSINGEN', 'MIDDELBURG', 'GOES', 'BERGEN OP ZOOM', 'ROOSENDAAL']"
77613,"['ROOSENDAAL', 'BERGEN OP ZOOM']"
77614,"['MAASTRICHT', 'SITTARD', 'ROERMOND', 'WEERT', 'EINDHOVEN CENTRAAL', ""HERTOGENBOSCH ('S)"", 'UTRECHT CENTRAAL', 'AMSTERDAM AMSTEL', 'AMSTERDAM CENTRAAL', 'AMSTERDAM SLOTERDIJK', 'ZAANDAM', 'CASTRICUM', 'ALKMAAR', 'ALKMAAR NOORD', 'HEERHUGOWAARD', 'SCHAGEN']"
77615,"['VEENENDAAL CENTRUM', 'VEENENDAAL WEST', 'MAARN', 'DRIEBERGEN-ZEIST', 'BUNNIK', 'UTRECHT VAARTSCHE RIJN', 'UTRECHT CENTRAAL', 'UTRECHT ZUILEN', 'MAARSSEN', 'BREUKELEN']"
77616,"['SCHIPHOL AIRPORT', 'AMSTERDAM ZUID', 'AMSTERDAM BIJLMER ARENA', 'UTRECHT CENTRAAL']"
77617,"['NIJMEGEN', 'NIJMEGEN GOFFERT', 'NIJMEGEN DUKENBURG', 'WIJCHEN', 'RAVENSTEIN', 'OSS', 'OSS WEST', 'ROSMALEN', ""HERTOGENB ('S) OOST"", ""HERTOGENBOSCH ('S)"", 'TILBURG', 'TILBURG UNIVERSITEIT', 'TILBURG REESHOF', 'GILZE-RIJEN', 'BREDA', 'BREDA-PRINSENBEEK', 'LAGE ZWALUWE', 'DORDRECHT ZUID', 'DORDRECHT']"
77618,"[""HERTOGENBOSCH ('S)"", ""HERTOGENB ('S) OOST"", 'ROSMALEN', 'OSS WEST', 'OSS', 'RAVENSTEIN', 'WIJCHEN', 'NIJMEGEN DUKENBURG', 'NIJMEGEN GOFFERT', 'NIJMEGEN']"
77619,"['EINDHOVEN CENTRAAL', 'EINDHOVEN STRIJP-S', 'BEST', 'BOXTEL', 'VUGHT', ""HERTOGENBOSCH ('S)""]"
77620,"['DEN HAAG HS', 'GOUDA', 'GOUDA', 'ROTTERDAM CENTRAAL']"
77621,"['ROTTERDAM CENTRAAL', 'GOUDA', 'DEN HAAG HS', 'LEIDEN CENTRAAL', 'SCHIPHOL AIRPORT', 'AMSTERDAM CENTRAAL', 'UTRECHT CENTRAAL']"
77622,"['ZUTPHEN', 'APELDOORN']"
77623,"['UTRECHT CENTRAAL', ""HERTOGENBOSCH ('S)"", 'EINDHOVEN CENTRAAL', 'TILBURG', 'BREDA', 'DORDRECHT', 'ROTTERDAM CENTRAAL']"
77624,"['UTRECHT CENTRAAL', 'GOUDA', 'DEN HAAG CENTRAAL']"
77625,"['DEVENTER', 'APELDOORN', 'AMERSFOORT CENTRAAL', 'UTRECHT CENTRAAL', 'GOUDA', 'DEN HAAG CENTRAAL']"
77626,"['AMSTERDAM CENTRAAL', 'AMSTERDAM BIJLMER ARENA', 'UTRECHT CENTRAAL']"
77627,"['ROTTERDAM CENTRAAL', 'DELFT', 'DEN HAAG HS', 'LEIDEN CENTRAAL', 'AMSTERDAM CENTRAAL', 'AMSTERDAM BIJLMER ARENA', 'UTRECHT CENTRAAL']"
77628,"['UTRECHT CENTRAAL', 'AMSTERDAM BIJLMER ARENA', 'AMSTERDAM CENTRAAL', 'SCHIPHOL AIRPORT', 'LEIDEN CENTRAAL', 'DEN HAAG HS', 'DELFT', 'ROTTERDAM CENTRAAL']"
77629,"['EINDHOVEN CENTRAAL', 'TILBURG', 'BREDA', 'DORDRECHT']"
77630,"['DEVENTER', 'APELDOORN', 'AMERSFOORT CENTRAAL', 'HILVERSUM', 'AMSTERDAM CENTRAAL']"
77631,"['VENLO', 'KALDENKIRCHEN', 'BREYELL', 'BOISHEIM', 'DULKEN', 'VIERSEN', 'MONCHENGLADBACH HBF', 'NEUSS HBF', 'DUSSELDORF HBF']"
77632,"['UTRECHT CENTRAAL', 'UTRECHT VAARTSCHE RIJN', 'UTRECHT LUNETTEN', 'HOUTEN', 'HOUTEN CASTELLUM', 'CULEMBORG', 'GELDERMALSEN', 'ZALTBOMMEL', ""HERTOGENBOSCH ('S)""]"
77633,"['AMSTERDAM CENTRAAL', 'SCHIPHOL AIRPORT', 'DEN HAAG HS', 'ROTTERDAM CENTRAAL', 'BREDA', 'NOORDERKEMPEN', 'ANTWERPEN-CENTRAAL', 'ANTWERPEN-BERCHEM', 'MECHELEN', 'BRUSSELS AIRPORT - ZAVENTEM', 'BRUSSEL-NOORD', 'BRUSSEL-CENTRAAL', 'BRUSSEL-ZUID/MIDI']"
77634,"['AMSTERDAM CENTRAAL', 'UTRECHT CENTRAAL', 'ARNHEM CENTRAAL', 'DUSSELDORF HBF', 'KOLN HBF', 'BONN HBF', 'KOBLENZ HBF', 'MAINZ HBF', 'FRANKFURT FLUGHAFEN FERNB', 'WURZBURG HBF', 'NURNBERG HBF', 'AUGSBURG HBF', 'MUNCHEN HBF', 'KUFSTEIN', 'WORGL', 'JENBACH', 'INNSBRUCK HBF']"
77635,"['NURNBERG HBF', 'FRANKFURT FLUGHAFEN FERNB', 'MAINZ HBF', 'KOBLENZ HBF', 'BONN HBF', ""HERTOGENBOSCH ('S)"", 'UTRECHT CENTRAAL', 'AMSTERDAM CENTRAAL']"
77636,"['AMSTERDAM CENTRAAL', 'UTRECHT CENTRAAL', 'ARNHEM CENTRAAL', 'DUSSELDORF HBF', 'KOLN HBF', 'BONN HBF', 'KOBLENZ HBF', 'MAINZ HBF', 'FRANKFURT FLUGHAFEN FERNB', 'WURZBURG HBF', 'NURNBERG HBF']"
77639,"['EMMEN', 'EMMEN ZUID', 'COEVORDEN', 'HARDENBERG', 'OMMEN', 'DALFSEN', 'ZWOLLE']"
77640,"['LEEUWARDEN', 'FEANWALDEN', 'ZUIDHORN', 'GRONINGEN']"
77641,"['SNEEK', 'SNEEK NOORD', 'LEEUWARDEN']"
77642,"['BAD NIEUWESCHANS', 'WINSCHOTEN', 'SCHEEMDA', 'ZUIDBROEK', 'HOOGEZAND-SAPPEMEER', 'MARTENSHOEK', 'KROPSWOLDE', 'GRONINGEN EUROPAPARK', 'GRONINGEN']"
77643,"['BREDA', 'NOORDERKEMPEN', 'ANTWERPEN-CENTRAAL', 'ANTWERPEN-BERCHEM', 'MECHELEN', 'BRUSSELS AIRPORT - ZAVENTEM', 'BRUSSEL-NOORD', 'BRUSSEL-CENTRAAL', 'BRUSSEL-ZUID/MIDI']"
