route_id,stop_sequence
17522,"['AMSTERDAM CENTRAAL', 'SCHIPHOL AIRPORT', 'ROTTERDAM CENTRAAL']"
17562,"['UTRECHT CENTRAAL', 'GOUDA', 'ROTTERDAM ALEXANDER', 'ROTTERDAM CENTRAAL']"
17573,"['UTRECHT CENTRAAL', 'WOERDEN', 'BODEGRAVEN', 'ALPHEN A/D RIJN', 'LEIDEN LAMMENSCHANS', 'LEIDEN CENTRAAL']"
17599,"['HOOFDDORP', 'SCHIPHOL AIRPORT', 'AMSTERDAM ZUID', 'AMSTERDAM RAI', 'DUIVENDRECHT', 'DIEMEN ZUID', 'WEESP', 'ALMERE POORT', 'ALMERE MUZIEKWIJK', 'ALMERE CENTRUM', 'ALMERE PARKWIJK', 'ALMERE BUITEN', 'ALMERE OOSTVAARDERS']"
17601,"['AMERSFOORT SCHOTHORST', 'AMERSFOORT CENTRAAL', 'UTRECHT CENTRAAL', 'GOUDA', 'DEN HAAG CENTRAAL']"
17614,"['GRONINGEN', 'ASSEN', 'ZWOLLE', 'AMERSFOORT CENTRAAL', 'UTRECHT CENTRAAL', 'GOUDA', 'ROTTERDAM ALEXANDER', 'ROTTERDAM CENTRAAL']"
17615,"['AMSTERDAM CENTRAAL', 'SCHIPHOL AIRPORT', 'ROTTERDAM CENTRAAL', 'BREDA']"
17620,"['LEEUWARDEN', 'GROU-JIRNSUM', 'AKKRUM', 'HEERENVEEN', 'WOLVEGA', 'STEENWIJK', 'MEPPEL']"
17627,"['UTRECHT CENTRAAL', 'UTRECHT OVERVECHT', 'BILTHOVEN', 'DEN DOLDER', 'SOEST ZUID', 'SOEST', 'SOESTDIJK', 'BAARN']"
17641,"['ZWOLLE', 'WEZEP', ""HARDE ('T)"", 'NUNSPEET', 'HARDERWIJK', 'ERMELO', 'PUTTEN', 'NIJKERK', 'AMERSFOORT VATHORST', 'AMERSFOORT SCHOTHORST', 'AMERSFOORT CENTRAAL', 'DEN DOLDER', 'BILTHOVEN', 'UTRECHT OVERVECHT', 'UTRECHT CENTRAAL']"
17651,"['UTRECHT CENTRAAL', 'UTRECHT LEIDSCHE RIJN', 'UTRECHT TERWIJDE', 'VLEUTEN', 'WOERDEN', 'GOUDA GOVERWELLE', 'GOUDA', 'NIEUWERKERK AD IJSSEL', 'CAPELLE SCHOLLEVAAR', 'ROTTERDAM ALEXANDER', 'ROTTERDAM NOORD', 'ROTTERDAM CENTRAAL']"
17658,"['ROOSENDAAL', 'ETTEN-LEUR', 'BREDA', 'TILBURG', ""HERTOGENBOSCH ('S)"", 'OSS', 'NIJMEGEN', 'ARNHEM CENTRAAL', 'DIEREN', 'ZUTPHEN', 'DEVENTER', 'OLST', 'WIJHE', 'ZWOLLE']"
17661,"['AMSTERDAM CENTRAAL', 'AMSTERDAM SLOTERDIJK', 'HAARLEM', 'HEEMSTEDE-AERDENHOUT', 'LEIDEN CENTRAAL', 'DEN HAAG CENTRAAL']"
17705,"['ENSCHEDE', 'HENGELO', 'ALMELO', 'DEVENTER', 'APELDOORN', 'AMERSFOORT CENTRAAL', 'UTRECHT CENTRAAL', 'GOUDA', 'DEN HAAG CENTRAAL']"
17725,"['AMSTERDAM CENTRAAL', 'HILVERSUM', 'AMERSFOORT CENTRAAL', 'APELDOORN', 'DEVENTER', 'ALMELO', 'HENGELO', 'BAD BENTHEIM', 'RHEINE', 'OSNABRUCK HBF', 'BAD OEYNHAUSEN', 'MINDEN (WESTF)', 'HANNOVER HBF']"
17748,"['UITGEEST', 'KROMMENIE-ASSENDELFT', 'WORMERVEER', 'ZAANDIJK ZAANSE SCHANS', 'KOOG AAN DE ZAAN', 'ZAANDAM', 'AMSTERDAM SLOTERDIJK', 'AMSTERDAM CENTRAAL', 'AMSTERDAM MUIDERPOORT', 'AMSTERDAM AMSTEL', 'DUIVENDRECHT', 'AMSTERDAM BIJLMER ARENA', 'AMSTERDAM HOLENDRECHT', 'ABCOUDE', 'BREUKELEN', 'WOERDEN', 'GOUDA GOVERWELLE', 'GOUDA', 'NIEUWERKERK AD IJSSEL', 'CAPELLE SCHOLLEVAAR', 'ROTTERDAM ALEXANDER', 'ROTTERDAM NOORD', 'ROTTERDAM CENTRAAL']"
17752,"['WINTERSWIJK', 'WINTERSWIJK WEST', 'LICHTENVOORDE-GROENLO', 'RUURLO', 'VORDEN', 'ZUTPHEN']"
17773,"['APELDOORN', 'APELDOORN DE MATEN', 'KLARENBEEK', 'VOORST-EMPE', 'ZUTPHEN']"
17782,"['DEN HAAG CENTRAAL', 'LEIDEN CENTRAAL', 'SCHIPHOL AIRPORT', 'AMSTERDAM ZUID', 'ALMERE CENTRUM', 'LELYSTAD CENTRUM', 'ZWOLLE', 'ASSEN', 'GRONINGEN']"
17792,"['DEN HELDER', 'DEN HELDER ZUID', 'ANNA PAULOWNA', 'SCHAGEN', 'HEERHUGOWAARD', 'ALKMAAR NOORD', 'ALKMAAR', 'HEILOO', 'CASTRICUM', 'ZAANDAM', 'AMSTERDAM SLOTERDIJK', 'AMSTERDAM CENTRAAL', 'AMSTERDAM AMSTEL', 'UTRECHT CENTRAAL', 'VEENENDAAL-DE KLOMP', 'EDE-WAGENINGEN', 'ARNHEM CENTRAAL', 'NIJMEGEN']"
17795,"['AMSTERDAM CENTRAAL', 'SCHIPHOL AIRPORT', 'ROTTERDAM CENTRAAL', 'ANTWERPEN-CENTRAAL', 'BRUSSEL-ZUID/MIDI', 'PARIS-NORD']"
17803,"['AMSTERDAM CENTRAAL', 'AMSTERDAM SLOTERDIJK', 'HALFWEG-ZWANENBURG', 'HAARLEM SPAARNWOUDE', 'HAARLEM', 'OVERVEEN', 'ZANDVOORT AAN ZEE']"
17828,"['HAARLEM', 'HEEMSTEDE-AERDENHOUT', 'HILLEGOM', 'VOORHOUT', 'LEIDEN CENTRAAL', 'DE VINK', 'VOORSCHOTEN', 'DEN HAAG MARIAHOEVE', 'DEN HAAG LAAN V NOI', 'DEN HAAG CENTRAAL']"
18646,"['MAASTRICHT', 'MAASTRICHT RANDWYCK', 'EIJSDEN', 'VISE', 'BRESSOUX', 'LIEGE-GUILLEMINS', 'LIEGE-CARRE', 'LIEGE-SAINT-LAMBERT', 'HASSELT']"
18752,"['NIJMEGEN', 'ELST', 'ARNHEM CENTRAAL', 'EDE-WAGENINGEN', 'UTRECHT CENTRAAL']"
20895,"['LEIDEN CENTRAAL', 'SCHIPHOL AIRPORT', 'AMSTERDAM BIJLMER ARENA']"
31675,"['AMERSFOORT SCHOTHORST', 'AMERSFOORT CENTRAAL', 'HILVERSUM', 'DUIVENDRECHT', 'AMSTERDAM ZUID', 'SCHIPHOL AIRPORT']"
31677,"['NIJMEGEN', 'ARNHEM CENTRAAL', 'EDE-WAGENINGEN', 'DRIEBERGEN-ZEIST', 'UTRECHT CENTRAAL', 'AMSTERDAM BIJLMER ARENA', 'AMSTERDAM ZUID', 'SCHIPHOL AIRPORT']"
31682,"['SCHIPHOL AIRPORT', 'AMSTERDAM ZUID', 'DUIVENDRECHT', 'HILVERSUM', 'AMERSFOORT CENTRAAL', 'APELDOORN', 'DEVENTER', 'ALMELO', 'HENGELO', 'ENSCHEDE']"
31704,"['ALKMAAR', 'HEILOO', 'CASTRICUM', 'BEVERWIJK', 'HAARLEM']"
37218,"['ARNHEM CENTRAAL', 'ARNHEM VELPERPOORT', 'WESTERVOORT', 'DUIVEN', 'ZEVENAAR', 'DIDAM', 'WEHL', 'DOETINCHEM DE HUET', 'DOETINCHEM', 'GAANDEREN', 'TERBORG', 'VARSSEVELD', 'AALTEN', 'WINTERSWIJK']"
37247,"['DOETINCHEM', 'DOETINCHEM DE HUET', 'WEHL', 'DIDAM', 'ZEVENAAR', 'DUIVEN', 'WESTERVOORT', 'ARNHEM VELPERPOORT', 'ARNHEM CENTRAAL']"
37294,"['ARNHEM CENTRAAL', 'OOSTERBEEK', 'WOLFHEZE', 'EDE-WAGENINGEN']"
37307,"['TIEL', 'KESTEREN', 'OPHEUSDEN', 'HEMMEN-DODEWAARD', 'ZETTEN-ANDELST', 'ELST', 'ARNHEM CENTRAAL']"
41200,"['ROTTERDAM CENTRAAL', 'ROTTERDAM NOORD', 'ROTTERDAM ALEXANDER', 'CAPELLE SCHOLLEVAAR', 'NIEUWERKERK AD IJSSEL', 'GOUDA', 'GOUDA GOVERWELLE']"
41201,"['ALPHEN A/D RIJN', 'LEIDEN LAMMENSCHANS', 'LEIDEN CENTRAAL']"
41202,"['VLISSINGEN', 'VLISSINGEN SOUBURG', 'MIDDELBURG', 'ARNEMUIDEN', 'GOES', 'KAPELLE-BIEZELINGE', 'KRUININGEN-YERSEKE', 'KRABBENDIJKE', 'RILLAND-BATH', 'BERGEN OP ZOOM', 'ROOSENDAAL', 'DORDRECHT', 'ROTTERDAM BLAAK', 'ROTTERDAM CENTRAAL', 'SCHIEDAM CENTRUM', 'DELFT', 'DEN HAAG HS', 'DEN HAAG LAAN V NOI', 'LEIDEN CENTRAAL', 'HEEMSTEDE-AERDENHOUT', 'HAARLEM', 'AMSTERDAM SLOTERDIJK', 'AMSTERDAM CENTRAAL']"
41206,"['HOOFDDORP', 'SCHIPHOL AIRPORT', 'AMSTERDAM ZUID', 'AMSTERDAM RAI', 'DUIVENDRECHT', 'DIEMEN ZUID', 'WEESP', 'NAARDEN-BUSSUM', 'BUSSUM ZUID', 'HILVERSUM MEDIA PARK', 'HILVERSUM', 'HILVERSUM SPORTPARK', 'HOLLANDSCHE RADING', 'UTRECHT OVERVECHT', 'UTRECHT CENTRAAL']"
41208,"['DORDRECHT', 'DORDRECHT ZUID', 'LAGE ZWALUWE', 'ZEVENBERGEN', 'OUDENBOSCH', 'ROOSENDAAL']"
41210,"['LEEUWARDEN', 'HEERENVEEN', 'STEENWIJK', 'MEPPEL', 'ZWOLLE', 'AMERSFOORT CENTRAAL', 'UTRECHT CENTRAAL', 'GOUDA', 'ROTTERDAM ALEXANDER', 'ROTTERDAM CENTRAAL']"
41214,"['ENKHUIZEN', 'BOVENKARSPEL FLORA', 'BOVENKARSPEL-GROOTEBROEK', 'HOOGKARSPEL', 'HOORN KERSENBOOGERD', 'HOORN', 'AMSTERDAM SLOTERDIJK', 'AMSTERDAM CENTRAAL']"
41216,"['ALMELO', 'WIERDEN', 'RIJSSEN', 'HOLTEN', 'DEVENTER COLMSCHATE', 'DEVENTER', 'TWELLO', 'APELDOORN OSSEVELD', 'APELDOORN']"
41217,"['UTRECHT CENTRAAL', 'UTRECHT OVERVECHT', 'HOLLANDSCHE RADING', 'HILVERSUM SPORTPARK', 'HILVERSUM', 'NAARDEN-BUSSUM', 'ALMERE POORT', 'ALMERE MUZIEKWIJK', 'ALMERE CENTRUM']"
41220,"['GRONINGEN', 'GRONINGEN EUROPAPARK', 'HAREN', 'ASSEN', 'BEILEN', 'HOOGEVEEN', 'MEPPEL', 'ZWOLLE']"
41221,"['ALPHEN A/D RIJN', 'BOSKOOP', 'BOSKOOP SNIJDELWIJK', 'WADDINXVEEN NOORD', 'WADDINXVEEN', 'WADDINXVEEN TRIANGEL', 'GOUDA']"
41223,"['DEN HAAG CENTRAAL', 'LEIDEN CENTRAAL', 'SCHIPHOL AIRPORT', 'AMSTERDAM ZUID', 'ALMERE CENTRUM', 'LELYSTAD CENTRUM', 'ZWOLLE', 'MEPPEL', 'STEENWIJK', 'HEERENVEEN', 'LEEUWARDEN']"
41226,"['HOORN', 'OBDAM', 'HEERHUGOWAARD', 'ALKMAAR NOORD', 'ALKMAAR', 'HEILOO', 'CASTRICUM', 'UITGEEST', 'HEEMSKERK', 'BEVERWIJK', 'DRIEHUIS', 'SANTPOORT NOORD', 'SANTPOORT ZUID', 'BLOEMENDAAL', 'HAARLEM', 'HAARLEM SPAARNWOUDE', 'HALFWEG-ZWANENBURG', 'AMSTERDAM SLOTERDIJK', 'AMSTERDAM CENTRAAL']"
41228,"['LEIDEN CENTRAAL', 'SASSENHEIM', 'NIEUW VENNEP', 'HOOFDDORP', 'SCHIPHOL AIRPORT', 'AMSTERDAM LELYLAAN', 'AMSTERDAM SLOTERDIJK', 'ZAANDAM', 'ZAANDAM KOGERVELD', 'PURMEREND WEIDEVENNE', 'PURMEREND', 'PURMEREND OVERWHERE', 'HOORN', 'HOORN KERSENBOOGERD']"
41236,"['ZUTPHEN', 'BRUMMEN', 'DIEREN', 'RHEDEN', 'VELP', 'ARNHEM PRESIKHAAF', 'ARNHEM VELPERPOORT', 'ARNHEM CENTRAAL', 'ARNHEM ZUID', 'ELST', 'NIJMEGEN LENT', 'NIJMEGEN', 'NIJMEGEN GOFFERT', 'NIJMEGEN DUKENBURG', 'WIJCHEN']"
41238,"['LELYSTAD CENTRUM', 'ALMERE BUITEN', 'ALMERE CENTRUM', 'DUIVENDRECHT', 'AMSTERDAM ZUID', 'SCHIPHOL AIRPORT', 'LEIDEN CENTRAAL', 'DEN HAAG LAAN V NOI', 'DEN HAAG HS', 'DELFT', 'SCHIEDAM CENTRUM', 'ROTTERDAM CENTRAAL', 'ROTTERDAM BLAAK', 'DORDRECHT']"
41239,"['DORDRECHT', 'ZWIJNDRECHT', 'BARENDRECHT', 'ROTTERDAM LOMBARDIJEN', 'ROTTERDAM ZUID', 'ROTTERDAM BLAAK', 'ROTTERDAM CENTRAAL', 'SCHIEDAM CENTRUM', 'DELFT CAMPUS', 'DELFT', 'RIJSWIJK', 'DEN HAAG MOERWIJK', 'DEN HAAG HS', 'DEN HAAG CENTRAAL']"
43187,"['DORDRECHT', 'ZWIJNDRECHT', 'BARENDRECHT', 'ROTTERDAM LOMBARDIJEN', 'ROTTERDAM ZUID', 'ROTTERDAM BLAAK', 'ROTTERDAM CENTRAAL', 'SCHIEDAM CENTRUM', 'DELFT CAMPUS', 'DELFT', 'RIJSWIJK', 'DEN HAAG MOERWIJK', 'DEN HAAG HS', 'DEN HAAG CENTRAAL']"
44942,"['AMSTERDAM CENTRAAL', 'ALMERE CENTRUM']"
44947,"['ALMERE CENTRUM', 'ALMERE MUZIEKWIJK', 'ALMERE POORT', 'NAARDEN-BUSSUM', 'HILVERSUM', 'HILVERSUM SPORTPARK', 'UTRECHT OVERVECHT', 'UTRECHT CENTRAAL']"
45189,"['GRONINGEN', 'GRONINGEN EUROPAPARK', 'HAREN', 'ASSEN', 'BEILEN', 'HOOGEVEEN', 'MEPPEL', 'ZWOLLE', 'KAMPEN ZUID', 'DRONTEN', 'LELYSTAD CENTRUM', 'ALMERE CENTRUM', 'AMSTERDAM CENTRAAL']"
45194,"['GOUDA GOVERWELLE', 'GOUDA', 'LANSINGERLAND-ZOETERMEER', 'ZOETERMEER OOST', 'ZOETERMEER', 'DEN HAAG YPENBURG', 'VOORBURG', 'DEN HAAG CENTRAAL']"
45223,"['MAASTRICHT RANDWYCK', 'MAASTRICHT', 'MAASTRICHT NOORD', 'MEERSSEN', 'HOUTHEM-ST. GERLACH', 'VALKENBURG', 'SCHIN OP GEUL', 'KLIMMEN-RANSDAAL', 'VOERENDAAL', 'HEERLEN WOONBOULEVARD', 'HEERLEN']"
45224,"['MAASTRICHT RANDWYCK', 'MAASTRICHT', 'BUNDE', 'BEEK-ELSLOO', 'GELEEN-LUTTERADE', 'SITTARD', 'SUSTEREN', 'ECHT', 'ROERMOND']"
45226,"['VENRAY', 'VIERLINGSBEEK', 'BOXMEER', 'CUIJK', 'MOOK-MOLENHOEK', 'NIJMEGEN HEYENDAAL', 'NIJMEGEN']"
45227,"['NIJMEGEN', 'NIJMEGEN HEYENDAAL', 'MOOK-MOLENHOEK', 'CUIJK', 'BOXMEER', 'VIERLINGSBEEK', 'VENRAY', 'BLERICK', 'VENLO', 'TEGELEN', 'REUVER', 'SWALMEN', 'ROERMOND']"
45231,"['SITTARD', 'GELEEN OOST', 'SPAUBEEK', 'SCHINNEN', 'NUTH', 'HOENSBROEK', 'HEERLEN', 'LANDGRAAF', 'EYGELSHOVEN', 'CHEVREMONT', 'KERKRADE CENTRUM']"
46036,"['DEN HAAG CENTRAAL', 'DEN HAAG LAAN V NOI', 'DEN HAAG MARIAHOEVE', 'VOORSCHOTEN', 'DE VINK', 'LEIDEN CENTRAAL', 'SASSENHEIM', 'NIEUW VENNEP', 'HOOFDDORP', 'SCHIPHOL AIRPORT', 'AMSTERDAM LELYLAAN', 'AMSTERDAM SLOTERDIJK', 'AMSTERDAM CENTRAAL']"
46084,"['AMERSFOORT VATHORST', 'AMERSFOORT SCHOTHORST', 'AMERSFOORT CENTRAAL', 'BAARN', 'HILVERSUM', 'HILVERSUM MEDIA PARK', 'BUSSUM ZUID', 'NAARDEN-BUSSUM', 'WEESP', 'DIEMEN', 'AMSTERDAM SCIENCE PARK', 'AMSTERDAM MUIDERPOORT', 'AMSTERDAM CENTRAAL']"
46092,"['AMSTERDAM CENTRAAL', 'AMSTERDAM MUIDERPOORT', 'AMSTERDAM SCIENCE PARK', 'DIEMEN', 'WEESP', 'ALMERE POORT', 'ALMERE MUZIEKWIJK', 'ALMERE CENTRUM', 'ALMERE PARKWIJK', 'ALMERE BUITEN', 'ALMERE OOSTVAARDERS', 'LELYSTAD CENTRUM', 'DRONTEN', 'KAMPEN ZUID', 'ZWOLLE']"
46093,"['AMSTERDAM CENTRAAL', 'AMSTERDAM SLOTERDIJK', 'AMSTERDAM LELYLAAN', 'SCHIPHOL AIRPORT', 'HOOFDDORP']"
51587,"['ALPHEN A/D RIJN', 'BOSKOOP', 'BOSKOOP SNIJDELWIJK', 'WADDINXVEEN NOORD', 'WADDINXVEEN', 'WADDINXVEEN TRIANGEL', 'GOUDA']"
51610,"['GRONINGEN', 'GRONINGEN EUROPAPARK', 'HAREN', 'ASSEN']"
52979,"['UTRECHT CENTRAAL', 'HOUTEN CASTELLUM']"
52979,"['HOUTEN CASTELLUM', 'HOUTEN', 'UTRECHT LUNETTEN', 'UTRECHT VAARTSCHE RIJN', 'UTRECHT CENTRAAL']"
52982,"['KAMPEN', 'ZWOLLE STADSHAGEN', 'ZWOLLE']"
52984,"['HEERLEN', 'SITTARD', 'ROERMOND', 'WEERT', 'EINDHOVEN CENTRAAL', ""HERTOGENBOSCH ('S)"", 'UTRECHT CENTRAAL', 'AMSTERDAM AMSTEL', 'AMSTERDAM CENTRAAL', 'AMSTERDAM SLOTERDIJK', 'HOORN', 'HOORN KERSENBOOGERD', 'HOOGKARSPEL', 'BOVENKARSPEL-GROOTEBROEK', 'BOVENKARSPEL FLORA', 'ENKHUIZEN']"
52985,"['ALMELO', 'VRIEZENVEEN', 'DAARLERVEEN', 'VROOMSHOOP', 'MARIENBERG', 'HARDENBERG']"
52986,"['MAASTRICHT', 'SITTARD', 'ROERMOND', 'WEERT', 'EINDHOVEN CENTRAAL', ""HERTOGENBOSCH ('S)"", 'UTRECHT CENTRAAL', 'AMSTERDAM AMSTEL', 'AMSTERDAM CENTRAAL', 'AMSTERDAM SLOTERDIJK', 'HOORN', 'HOORN KERSENBOOGERD', 'HOOGKARSPEL', 'BOVENKARSPEL-GROOTEBROEK', 'BOVENKARSPEL FLORA', 'ENKHUIZEN']"
52987,"['ROOSENDAAL', 'BERGEN OP ZOOM', 'RILLAND-BATH', 'KRABBENDIJKE', 'KRUININGEN-YERSEKE', 'KAPELLE-BIEZELINGE', 'GOES', 'ARNEMUIDEN', 'MIDDELBURG', 'VLISSINGEN SOUBURG', 'VLISSINGEN']"
52989,"['ZWOLLE', 'HEINO', 'RAALTE', 'NIJVERDAL', 'WIERDEN', 'ALMELO', 'ALMELO DE RIET', 'BORNE', 'HENGELO', 'ENSCHEDE KENNISPARK', 'ENSCHEDE']"
52990,"['MAASTRICHT', 'SITTARD', 'ROERMOND', 'WEERT', 'EINDHOVEN CENTRAAL', ""HERTOGENBOSCH ('S)"", 'UTRECHT CENTRAAL', 'AMSTERDAM AMSTEL', 'AMSTERDAM CENTRAAL', 'AMSTERDAM SLOTERDIJK', 'ZAANDAM', 'CASTRICUM', 'ALKMAAR']"
52991,"['RHENEN', 'VEENENDAAL CENTRUM', 'VEENENDAAL WEST', 'MAARN', 'DRIEBERGEN-ZEIST', 'BUNNIK', 'UTRECHT VAARTSCHE RIJN', 'UTRECHT CENTRAAL', 'UTRECHT ZUILEN', 'MAARSSEN', 'BREUKELEN']"
52993,"['OLDENZAAL', 'HENGELO OOST', 'HENGELO', 'HENGELO GEZONDHEIDSPARK', 'DELDEN', 'GOOR', 'LOCHEM', 'ZUTPHEN']"
52996,"['EMMEN', 'EMMEN ZUID', 'NIEUW AMSTERDAM', 'COEVORDEN', 'HARDENBERG', 'MARIENBERG', 'OMMEN', 'DALFSEN', 'ZWOLLE']"
53004,"['EMMEN', 'EMMEN ZUID', 'NIEUW AMSTERDAM', 'DALEN', 'COEVORDEN', 'GRAMSBERGEN', 'HARDENBERG', 'MARIENBERG', 'OMMEN', 'DALFSEN', 'ZWOLLE']"
53898,"['SCHIPHOL AIRPORT', 'AMSTERDAM ZUID', 'AMSTERDAM BIJLMER ARENA', 'UTRECHT CENTRAAL', ""HERTOGENBOSCH ('S)"", 'EINDHOVEN CENTRAAL', 'HELMOND', 'DEURNE', 'HORST-SEVENUM', 'BLERICK', 'VENLO']"
59426,"['AMSTERDAM CENTRAAL', 'SCHIPHOL AIRPORT', 'ROTTERDAM CENTRAAL', 'BREDA', 'NOORDERKEMPEN', 'ANTWERPEN-CENTRAAL', 'ANTWERPEN-BERCHEM', 'MECHELEN', 'BRUSSELS AIRPORT - ZAVENTEM', 'BRUSSEL-NOORD', 'BRUSSEL-CENTRAAL', 'BRUSSEL-ZUID/MIDI']"
60129,"['UTRECHT CENTRAAL', 'UTRECHT MALIEBAAN']"
61275,"['ZWOLLE', 'RAALTE', 'NIJVERDAL', 'ALMELO', 'HENGELO', 'ENSCHEDE']"
61913,"['GORINCHEM', 'BOVEN-HARDINXVELD', 'HARDINXVELD-GIESSENDAM', 'SLIEDRECHT', 'SLIEDRECHT BAANHOEK', 'DORDRECHT STADSPOLDERS', 'DORDRECHT']"
61914,"['ARNHEM CENTRAAL', 'ARNHEM ZUID', 'ELST', 'NIJMEGEN LENT', 'NIJMEGEN', 'NIJMEGEN GOFFERT', 'NIJMEGEN DUKENBURG', 'WIJCHEN', 'RAVENSTEIN', 'OSS', 'OSS WEST', 'ROSMALEN', ""HERTOGENB ('S) OOST"", ""HERTOGENBOSCH ('S)"", 'TILBURG', 'TILBURG UNIVERSITEIT', 'TILBURG REESHOF', 'GILZE-RIJEN', 'BREDA', 'BREDA-PRINSENBEEK', 'LAGE ZWALUWE', 'DORDRECHT ZUID', 'DORDRECHT']"
61916,"[""HERTOGENBOSCH ('S)"", ""HERTOGENB ('S) OOST"", 'ROSMALEN', 'OSS WEST', 'OSS', 'RAVENSTEIN', 'WIJCHEN', 'NIJMEGEN DUKENBURG', 'NIJMEGEN GOFFERT', 'NIJMEGEN', 'NIJMEGEN LENT', 'ELST', 'ARNHEM ZUID', 'ARNHEM CENTRAAL']"
61918,"['DORDRECHT', 'DORDRECHT STADSPOLDERS', 'SLIEDRECHT BAANHOEK', 'SLIEDRECHT', 'HARDINXVELD BLAUWE ZOOM', 'HARDINXVELD-GIESSENDAM', 'BOVEN-HARDINXVELD', 'GORINCHEM', 'ARKEL', 'LEERDAM', 'BEESD', 'GELDERMALSEN']"
61919,"['ROOSENDAAL', 'ESSEN (B)', 'WILDERT', 'KALMTHOUT', 'KIJKUIT', 'HEIDE (B)', 'KAPELLEN', 'SINT-MARIABURG', 'EKEREN', 'ANTWERPEN-NOORDERDOKKEN', 'ANTWERPEN-LUCHTBAL', 'ANTWERPEN-CENTRAAL', 'ANTWERPEN-BERCHEM', 'ANTWERPEN-ZUID', 'PUURS']"
61920,"['UITGEEST', 'KROMMENIE-ASSENDELFT', 'WORMERVEER', 'ZAANDIJK ZAANSE SCHANS', 'KOOG AAN DE ZAAN', 'ZAANDAM', 'AMSTERDAM SLOTERDIJK', 'AMSTERDAM CENTRAAL', 'AMSTERDAM MUIDERPOORT', 'AMSTERDAM AMSTEL', 'DUIVENDRECHT', 'AMSTERDAM BIJLMER ARENA', 'AMSTERDAM HOLENDRECHT', 'ABCOUDE', 'BREUKELEN', 'MAARSSEN', 'UTRECHT ZUILEN', 'UTRECHT CENTRAAL', 'UTRECHT VAARTSCHE RIJN', 'BUNNIK', 'DRIEBERGEN-ZEIST', 'MAARN', 'VEENENDAAL WEST', 'VEENENDAAL CENTRUM', 'RHENEN']"
66117,"['DORDRECHT', 'ROTTERDAM BLAAK', 'ROTTERDAM CENTRAAL', 'SCHIEDAM CENTRUM', 'DELFT', 'DEN HAAG HS', 'DEN HAAG LAAN V NOI', 'LEIDEN CENTRAAL', 'SCHIPHOL AIRPORT', 'AMSTERDAM ZUID', 'AMSTERDAM BIJLMER ARENA', 'UTRECHT CENTRAAL', ""HERTOGENBOSCH ('S)"", 'EINDHOVEN CENTRAAL', 'HELMOND', 'DEURNE', 'HORST-SEVENUM', 'BLERICK', 'VENLO']"
66763,"['DEURNE', 'HELMOND BROUWHUIS', 'HELMOND', ""HELMOND 'T HOUT"", 'HELMOND BRANDEVOORT', 'EINDHOVEN CENTRAAL', 'EINDHOVEN STRIJP-S', 'BEST', 'BOXTEL', 'VUGHT', ""HERTOGENBOSCH ('S)""]"
66765,"['ROTTERDAM CENTRAAL', 'GOUDA', 'DEN HAAG HS', 'LEIDEN CENTRAAL', 'SCHIPHOL AIRPORT', 'AMSTERDAM CENTRAAL', 'UTRECHT CENTRAAL']"
66765,"['UTRECHT CENTRAAL', 'AMSTERDAM CENTRAAL', 'SCHIPHOL AIRPORT', 'LEIDEN CENTRAAL', 'DEN HAAG HS', 'GOUDA', 'GOUDA', 'ROTTERDAM CENTRAAL']"
66772,"['WINTERSWIJK', 'WINTERSWIJK WEST', 'LICHTENVOORDE-GROENLO', 'RUURLO', 'VORDEN', 'ZUTPHEN', 'APELDOORN']"
67394,"['DEN HAAG CENTRAAL', 'DEN HAAG HS', 'DELFT', 'ROTTERDAM CENTRAAL', 'BREDA', 'TILBURG', 'EINDHOVEN CENTRAAL']"
67395,"['UTRECHT CENTRAAL', ""HERTOGENBOSCH ('S)"", 'EINDHOVEN CENTRAAL', 'TILBURG', 'BREDA', 'DORDRECHT', 'ROTTERDAM CENTRAAL']"
67395,"[""HERTOGENBOSCH ('S)"", 'TILBURG']"
67399,"['DEN HAAG CENTRAAL', 'GOUDA', 'UTRECHT CENTRAAL', 'AMERSFOORT CENTRAAL']"
67400,"['EINDHOVEN CENTRAAL', 'HELMOND', 'DEURNE', 'HORST-SEVENUM', 'BLERICK', 'VENLO']"
67402,"['UTRECHT CENTRAAL', 'AMSTERDAM CENTRAAL', 'SCHIPHOL AIRPORT', 'LEIDEN CENTRAAL', 'DEN HAAG HS', 'DELFT', 'ROTTERDAM CENTRAAL']"
67404,"['AMERSFOORT CENTRAAL', 'NIJKERK', 'HARDERWIJK']"
67406,"['BARNEVELD ZUID', 'BARNEVELD CENTRUM', 'BARNEVELD NOORD', 'HOEVELAKEN', 'AMERSFOORT CENTRAAL']"
67407,"['WEERT', 'MAARHEEZE', 'HEEZE', 'GELDROP', 'EINDHOVEN CENTRAAL']"
67412,"['EINDHOVEN CENTRAAL', 'EINDHOVEN STRIJP-S', 'BEST', 'BOXTEL', 'OISTERWIJK', 'TILBURG', 'TILBURG UNIVERSITEIT']"
67415,"['ROOSENDAAL', 'ESSEN (B)', 'WILDERT', 'KALMTHOUT', 'KIJKUIT', 'HEIDE (B)', 'KAPELLEN', 'SINT-MARIABURG', 'EKEREN', 'ANTWERPEN-NOORDERDOKKEN', 'ANTWERPEN-LUCHTBAL', 'ANTWERPEN-CENTRAAL', 'ANTWERPEN-BERCHEM', 'ANTWERPEN-ZUID', 'PUURS']"
67416,"['DORDRECHT', 'BREDA', 'TILBURG', 'BOXTEL', 'EINDHOVEN CENTRAAL']"
67416,"['EINDHOVEN CENTRAAL', 'TILBURG', 'BREDA', 'DORDRECHT']"
67419,"['AMERSFOORT CENTRAAL', 'HOEVELAKEN', 'BARNEVELD NOORD', 'BARNEVELD CENTRUM', 'BARNEVELD ZUID', 'LUNTEREN', 'EDE CENTRUM', 'EDE-WAGENINGEN']"
67422,"['AMERSFOORT CENTRAAL', 'UTRECHT CENTRAAL']"
67424,"['MAASTRICHT', 'MEERSSEN', 'VALKENBURG', 'HEERLEN']"
67425,"['HENGELO', 'OLDENZAAL', 'BAD BENTHEIM', 'RHEINE', 'OSNABRUCK HBF', 'BUNDE (WESTF.)', 'BIELEFELD HBF']"
67431,"['AMSTERDAM CENTRAAL', 'HILVERSUM', 'AMERSFOORT CENTRAAL']"
67449,"['MAASTRICHT', 'MEERSSEN', 'VALKENBURG', 'HEERLEN', 'LANDGRAAF', 'EYGELSHOVEN MARKT', 'HERZOGENRATH', 'AACHEN WEST', 'AACHEN HBF']"
67615,"['ARNHEM CENTRAAL', 'ARNHEM VELPERPOORT', 'WESTERVOORT', 'DUIVEN', 'ZEVENAAR', 'DIDAM', 'WEHL', 'DOETINCHEM DE HUET', 'DOETINCHEM', 'GAANDEREN', 'TERBORG']"
67971,"['VENLO', 'KALDENKIRCHEN', 'BREYELL', 'BOISHEIM', 'DULKEN', 'VIERSEN', 'MONCHENGLADBACH HBF', 'NEUSS HBF', 'DUSSELDORF HBF', 'WUPPERTAL-VOHWINKEL', 'WUPPERTAL HBF', 'WUPPERTAL-BARMEN', 'WUPPERTAL OBERBARMEN', 'SCHWELM', 'ENNEPETAL', 'HAGEN HBF', 'SCHWERTE (RUHR)', 'HOLZWICKEDE', 'UNNA', 'BOENEN', 'HAMM (WESTF.)']"
73488,"[""HERTOGENBOSCH ('S)"", 'ZALTBOMMEL', 'GELDERMALSEN', 'CULEMBORG', 'HOUTEN CASTELLUM', 'HOUTEN', 'UTRECHT LUNETTEN', 'UTRECHT VAARTSCHE RIJN', 'UTRECHT CENTRAAL', 'UTRECHT LEIDSCHE RIJN', 'UTRECHT TERWIJDE', 'VLEUTEN', 'WOERDEN']"
73489,"['DEN HAAG CENTRAAL', 'VOORBURG', 'DEN HAAG YPENBURG', 'ZOETERMEER', 'ZOETERMEER OOST', 'LANSINGERLAND-ZOETERMEER', 'GOUDA', 'GOUDA GOVERWELLE', 'WOERDEN', 'VLEUTEN', 'UTRECHT TERWIJDE', 'UTRECHT LEIDSCHE RIJN', 'UTRECHT CENTRAAL', 'UTRECHT VAARTSCHE RIJN', 'UTRECHT LUNETTEN', 'HOUTEN', 'HOUTEN CASTELLUM', 'CULEMBORG', 'GELDERMALSEN', 'TIEL PASSEWAAIJ', 'TIEL']"
73941,"['EINDHOVEN CENTRAAL', 'HELMOND BRANDEVOORT', ""HELMOND 'T HOUT"", 'HELMOND', 'HELMOND BROUWHUIS', 'DEURNE']"
74608,"['AMSTERDAM CENTRAAL', 'HAARLEM']"
75061,"['UTRECHT CENTRAAL', 'HILVERSUM SPORTPARK', 'HILVERSUM', 'HILVERSUM MEDIA PARK', 'AMSTERDAM CENTRAAL']"
75062,"['DEN HAAG HS', 'ROTTERDAM CENTRAAL', 'BREDA', 'NOORDERKEMPEN', 'ANTWERPEN-CENTRAAL', 'ANTWERPEN-BERCHEM', 'MECHELEN', 'BRUSSELS AIRPORT - ZAVENTEM', 'BRUSSEL-NOORD', 'BRUSSEL-CENTRAAL', 'BRUSSEL-ZUID/MIDI']"
76117,"['ZWOLLE', 'DALFSEN', 'OMMEN', 'HARDENBERG', 'COEVORDEN']"
76452,"['AMSTERDAM CENTRAAL', 'HILVERSUM', 'AMERSFOORT CENTRAAL', 'APELDOORN', 'DEVENTER', 'ALMELO', 'HENGELO', 'BAD BENTHEIM', 'RHEINE', 'OSNABRUCK HBF', 'BAD OEYNHAUSEN', 'MINDEN (WESTF)', 'HANNOVER HBF', 'WOLFSBURG HBF', 'STENDAL', 'BERLIN-SPANDAU', 'BERLIN HBF']"
76977,"['GRONINGEN', 'BUITENPOST', 'FEANWALDEN', 'LEEUWARDEN']"
76978,"['WINSCHOTEN', 'SCHEEMDA', 'GRONINGEN EUROPAPARK', 'GRONINGEN']"
76980,"['LEEUWARDEN', 'MANTGUM', 'SNEEK NOORD', 'SNEEK']"
76981,"['LEEUWARDEN', 'MANTGUM', 'SNEEK NOORD', 'SNEEK', 'IJLST', 'WORKUM', 'HINDELOOPEN', 'KOUDUM-MOLKWERUM', 'STAVOREN']"
76982,"['LEEUWARDEN', 'DEINUM', 'DRONRYP', 'FRANEKER', 'HARLINGEN', 'HARLINGEN HAVEN']"
76983,"['LEEUWARDEN', 'LEEUWARDEN CAMMINGHABUREN', 'HURDEGARYP', 'FEANWALDEN', 'DE WESTEREEN', 'BUITENPOST', 'GRIJPSKERK', 'ZUIDHORN', 'GRONINGEN']"
76984,"['WINSCHOTEN', 'SCHEEMDA', 'ZUIDBROEK', 'HOOGEZAND-SAPPEMEER', 'MARTENSHOEK', 'KROPSWOLDE', 'GRONINGEN EUROPAPARK', 'GRONINGEN']"
76985,"['ROODESCHOOL', 'UITHUIZERMEEDEN', 'UITHUIZEN', 'USQUERT', 'WARFFUM', 'BAFLO', 'WINSUM', 'SAUWERD', 'GRONINGEN NOORD', 'GRONINGEN']"
76986,"['DELFZIJL', 'DELFZIJL WEST', 'APPINGEDAM', 'LOPPERSUM', 'STEDUM', 'BEDUM', 'SAUWERD', 'GRONINGEN NOORD', 'GRONINGEN']"
76987,"['GRONINGEN', 'GRONINGEN EUROPAPARK', 'KROPSWOLDE', 'MARTENSHOEK', 'HOOGEZAND-SAPPEMEER', 'ZUIDBROEK', 'VEENDAM']"
76993,"['LEIDEN CENTRAAL', 'HOOFDDORP', 'SCHIPHOL AIRPORT', 'AMSTERDAM SLOTERDIJK', 'AMSTERDAM CENTRAAL']"
77367,"['OLDENZAAL', 'HENGELO OOST', 'HENGELO']"
77574,"['HENGELO', 'BAD BENTHEIM']"
77589,"['AMSTERDAM CENTRAAL', 'SCHIPHOL AIRPORT', 'ROTTERDAM CENTRAAL', 'BREDA', 'NOORDERKEMPEN', 'ANTWERPEN-CENTRAAL', 'ANTWERPEN-BERCHEM', 'MECHELEN', 'BRUSSELS AIRPORT - ZAVENTEM', 'BRUSSEL-NOORD', 'BRUSSEL-CENTRAAL', 'BRUSSEL-ZUID/MIDI']"
77590,"['SCHAGEN', 'ANNA PAULOWNA', 'DEN HELDER ZUID', 'DEN HELDER']"
77592,"['AMSTERDAM CENTRAAL', 'HILVERSUM', 'AMERSFOORT CENTRAAL', 'DEVENTER', 'ALMELO', 'HENGELO', 'BAD BENTHEIM', 'RHEINE', 'OSNABRUCK HBF', 'BUNDE (WESTF.)', 'MINDEN (WESTF)', 'HANNOVER HBF']"
77593,"['AMSTERDAM CENTRAAL', 'HILVERSUM', 'AMERSFOORT CENTRAAL', 'APELDOORN', 'DEVENTER', 'ALMELO', 'HENGELO', 'BAD BENTHEIM', 'RHEINE', 'OSNABRUCK HBF', 'BUNDE (WESTF.)', 'BAD OEYNHAUSEN', 'MINDEN (WESTF)', 'HANNOVER HBF', 'WOLFSBURG HBF', 'STENDAL', 'BERLIN-SPANDAU', 'BERLIN HBF']"
77594,"['ENSCHEDE', 'ENSCHEDE DE ESCHMARKE', 'GLANERBRUG', 'GRONAU WESTF', 'EPE (WESTF)', 'AHAUS', 'LEGDEN', 'ROSENDAHL-HOLTWICK', 'COESFELD (WESTF)', 'LETTE (KR COESFELD)', 'DULMEN', 'LUDINGHAUSEN', 'SELM', 'SELM-BEIFANG', 'BORK (WESTF)', 'LUNEN HBF', 'PREUSSEN', 'DORTMUND-DERNE', 'DORTMUND-KIRCHDERNE', 'DORTMUND HBF']"
77596,"['LEIDEN CENTRAAL', 'VOORHOUT', 'HILLEGOM', 'HEEMSTEDE-AERDENHOUT', 'HAARLEM']"
77598,"['UTRECHT CENTRAAL', 'DRIEBERGEN-ZEIST', 'VEENENDAAL-DE KLOMP', 'EDE-WAGENINGEN', 'ARNHEM CENTRAAL', 'ELST', 'NIJMEGEN']"
77599,"['SCHIPHOL AIRPORT', 'AMSTERDAM BIJLMER ARENA']"
77602,"['AMSTERDAM CENTRAAL', 'UTRECHT CENTRAAL', ""HERTOGENBOSCH ('S)"", 'MONCHENGLADBACH HBF', 'KOLN HBF', 'FRANKFURT FLUGHAFEN FERNB', 'FRANKFURT (M) HBF']"
77604,"['AMSTERDAM CENTRAAL', 'UTRECHT CENTRAAL', ""HERTOGENBOSCH ('S)"", 'MONCHENGLADBACH HBF', 'FRANKFURT FLUGHAFEN FERNB', 'FRANKFURT (M) HBF']"
77605,"['TIEL', 'KESTEREN', 'OPHEUSDEN', 'HEMMEN-DODEWAARD', 'ZETTEN-ANDELST', 'ELST']"
77606,"['ENSCHEDE', 'ENSCHEDE KENNISPARK', 'HENGELO', 'BORNE', 'ALMELO DE RIET', 'ALMELO', 'WIERDEN', 'RIJSSEN', 'HOLTEN', 'DEVENTER COLMSCHATE', 'DEVENTER', 'TWELLO', 'APELDOORN OSSEVELD', 'APELDOORN']"
77607,"['HILVERSUM', 'HILVERSUM SPORTPARK', 'HOLLANDSCHE RADING', 'UTRECHT OVERVECHT', 'UTRECHT CENTRAAL']"
77608,"['HOOFDDORP', 'SCHIPHOL AIRPORT', 'AMSTERDAM LELYLAAN', 'AMSTERDAM SLOTERDIJK', 'ZAANDAM', 'ZAANDAM KOGERVELD', 'PURMEREND WEIDEVENNE', 'PURMEREND', 'PURMEREND OVERWHERE', 'HOORN', 'HOORN KERSENBOOGERD']"
77609,"['NIJMEGEN', 'NIJMEGEN LENT', 'ELST', 'ARNHEM ZUID', 'ARNHEM CENTRAAL', 'ARNHEM VELPERPOORT', 'ARNHEM PRESIKHAAF', 'VELP', 'RHEDEN', 'DIEREN', 'BRUMMEN', 'ZUTPHEN']"
77610,"['AMERSFOORT CENTRAAL', 'BAARN', 'HILVERSUM', 'HILVERSUM MEDIA PARK', 'BUSSUM ZUID', 'NAARDEN-BUSSUM', 'WEESP', 'DIEMEN', 'AMSTERDAM SCIENCE PARK', 'AMSTERDAM MUIDERPOORT', 'AMSTERDAM CENTRAAL']"
77611,"['SITTARD', 'HEERLEN']"
77612,"['BERGEN OP ZOOM', 'ROOSENDAAL']"
77613,"['VLISSINGEN', 'MIDDELBURG', 'GOES', 'BERGEN OP ZOOM', 'ROOSENDAAL']"
77614,"['SCHAGEN', 'HEERHUGOWAARD', 'ALKMAAR NOORD', 'ALKMAAR', 'CASTRICUM', 'ZAANDAM', 'AMSTERDAM SLOTERDIJK', 'AMSTERDAM CENTRAAL', 'AMSTERDAM AMSTEL', 'UTRECHT CENTRAAL', ""HERTOGENBOSCH ('S)"", 'EINDHOVEN CENTRAAL', 'WEERT', 'ROERMOND', 'SITTARD', 'MAASTRICHT']"
77615,"['VEENENDAAL CENTRUM', 'VEENENDAAL WEST', 'MAARN', 'DRIEBERGEN-ZEIST', 'BUNNIK', 'UTRECHT VAARTSCHE RIJN', 'UTRECHT CENTRAAL', 'UTRECHT ZUILEN', 'MAARSSEN', 'BREUKELEN']"
77616,"['SCHIPHOL AIRPORT', 'AMSTERDAM ZUID', 'AMSTERDAM BIJLMER ARENA', 'UTRECHT CENTRAAL']"
77617,"['DORDRECHT', 'DORDRECHT ZUID', 'LAGE ZWALUWE', 'BREDA-PRINSENBEEK', 'BREDA', 'GILZE-RIJEN', 'TILBURG REESHOF', 'TILBURG UNIVERSITEIT', 'TILBURG', ""HERTOGENBOSCH ('S)"", ""HERTOGENB ('S) OOST"", 'ROSMALEN', 'OSS WEST', 'OSS', 'RAVENSTEIN', 'WIJCHEN', 'NIJMEGEN DUKENBURG', 'NIJMEGEN GOFFERT', 'NIJMEGEN']"
77618,"[""HERTOGENBOSCH ('S)"", ""HERTOGENB ('S) OOST"", 'ROSMALEN', 'OSS WEST', 'OSS', 'RAVENSTEIN', 'WIJCHEN', 'NIJMEGEN DUKENBURG', 'NIJMEGEN GOFFERT', 'NIJMEGEN']"
77619,"['EINDHOVEN CENTRAAL', 'EINDHOVEN STRIJP-S', 'BEST', 'BOXTEL', 'VUGHT', ""HERTOGENBOSCH ('S)""]"
77620,"['DEN HAAG HS', 'GOUDA', 'GOUDA', 'ROTTERDAM CENTRAAL']"
77621,"['ZUTPHEN', 'APELDOORN']"
77622,"['DEN HAAG CENTRAAL', 'GOUDA', 'UTRECHT CENTRAAL', 'AMERSFOORT CENTRAAL', 'APELDOORN', 'DEVENTER']"
77623,"['DEN HAAG CENTRAAL', 'GOUDA', 'UTRECHT CENTRAAL']"
77624,"['UTRECHT CENTRAAL', 'AMSTERDAM BIJLMER ARENA', 'AMSTERDAM CENTRAAL', 'LEIDEN CENTRAAL', 'DEN HAAG HS', 'DELFT', 'ROTTERDAM CENTRAAL']"
77625,"['UTRECHT CENTRAAL', 'AMSTERDAM BIJLMER ARENA', 'AMSTERDAM CENTRAAL', 'SCHIPHOL AIRPORT', 'LEIDEN CENTRAAL', 'DEN HAAG HS', 'DELFT', 'ROTTERDAM CENTRAAL']"
77626,"['AMSTERDAM CENTRAAL', 'AMSTERDAM BIJLMER ARENA', 'UTRECHT CENTRAAL']"
77627,"['ROOSENDAAL', 'ESSEN (B)', 'WILDERT', 'KALMTHOUT', 'KIJKUIT', 'HEIDE (B)', 'KAPELLEN', 'SINT-MARIABURG', 'EKEREN', 'ANTWERPEN-NOORDERDOKKEN', 'ANTWERPEN-LUCHTBAL', 'ANTWERPEN-CENTRAAL']"
77628,"['AMSTERDAM CENTRAAL', 'HILVERSUM', 'AMERSFOORT CENTRAAL', 'APELDOORN', 'DEVENTER']"
77629,"['VENLO', 'KALDENKIRCHEN', 'BREYELL', 'BOISHEIM', 'DULKEN', 'VIERSEN', 'MONCHENGLADBACH HBF', 'NEUSS HBF', 'DUSSELDORF HBF']"
77630,"[""HERTOGENBOSCH ('S)"", 'ZALTBOMMEL', 'GELDERMALSEN', 'CULEMBORG', 'HOUTEN CASTELLUM', 'HOUTEN', 'UTRECHT LUNETTEN', 'UTRECHT VAARTSCHE RIJN', 'UTRECHT CENTRAAL']"
77631,"['AMSTERDAM CENTRAAL', 'SCHIPHOL AIRPORT', 'DEN HAAG HS', 'ROTTERDAM CENTRAAL', 'BREDA', 'NOORDERKEMPEN', 'ANTWERPEN-CENTRAAL', 'ANTWERPEN-BERCHEM', 'MECHELEN', 'BRUSSELS AIRPORT - ZAVENTEM', 'BRUSSEL-NOORD', 'BRUSSEL-CENTRAAL', 'BRUSSEL-ZUID/MIDI']"
77633,"['AMSTERDAM CENTRAAL', 'UTRECHT CENTRAAL', 'ARNHEM CENTRAAL', 'DUSSELDORF HBF', 'KOLN HBF', 'BONN HBF', 'KOBLENZ HBF', 'MAINZ HBF', 'FRANKFURT FLUGHAFEN FERNB', 'WURZBURG HBF', 'NURNBERG HBF', 'AUGSBURG HBF', 'MUNCHEN HBF', 'KUFSTEIN', 'WORGL', 'JENBACH', 'INNSBRUCK HBF']"
77634,"['AMSTERDAM CENTRAAL', 'UTRECHT CENTRAAL', 'ARNHEM CENTRAAL', 'DUSSELDORF HBF', 'KOLN HBF', 'BONN HBF', 'KOBLENZ HBF', 'MAINZ HBF', 'FRANKFURT FLUGHAFEN FERNB', 'WURZBURG HBF', 'NURNBERG HBF']"
77637,"['EMMEN', 'EMMEN ZUID', 'COEVORDEN', 'HARDENBERG', 'OMMEN', 'DALFSEN', 'ZWOLLE']"
77638,"['AMSTERDAM CENTRAAL', 'HILVERSUM', 'AMERSFOORT CENTRAAL', 'APELDOORN', 'DEVENTER', 'ALMELO', 'HENGELO', 'BAD BENTHEIM', 'RHEINE', 'OSNABRUCK HBF', 'BUNDE (WESTF.)', 'MINDEN (WESTF)', 'HANNOVER HBF', 'WOLFSBURG HBF', 'STENDAL', 'BERLIN-SPANDAU', 'BERLIN HBF']"
77639,"['LEEUWARDEN', 'FEANWALDEN', 'ZUIDHORN', 'GRONINGEN']"
77640,"['LEEUWARDEN', 'SNEEK NOORD', 'SNEEK']"
77641,"['BAD NIEUWESCHANS', 'WINSCHOTEN', 'SCHEEMDA', 'ZUIDBROEK', 'HOOGEZAND-SAPPEMEER', 'MARTENSHOEK', 'KROPSWOLDE', 'GRONINGEN EUROPAPARK', 'GRONINGEN']"
77642,"['BREDA', 'NOORDERKEMPEN', 'ANTWERPEN-CENTRAAL', 'ANTWERPEN-BERCHEM', 'MECHELEN', 'BRUSSELS AIRPORT - ZAVENTEM', 'BRUSSEL-NOORD', 'BRUSSEL-CENTRAAL', 'BRUSSEL-ZUID/MIDI']"
