route_id,stop_name_1,stop_name_2
17522,AMSTERDAM CENTRAAL,SCHIPHOL AIRPORT
17522,SCHIPHOL AIRPORT,ROTTERDAM CENTRAAL
17562,UTRECHT CENTRAAL,GOUDA
17562,GOUDA,ROTTERDAM ALEXANDER
17562,ROTTERDAM ALEXANDER,ROTTERDAM CENTRAAL
17573,UTRECHT CENTRAAL,WOERDEN
17573,WOERDEN,BODEGRAVEN
17573,BODEGRAVEN,ALPHEN A/D RIJN
17573,ALPHEN A/D RIJN,LEIDEN LAMMENSCHANS
17573,LEIDEN LAMMENSCHANS,LEIDEN CENTRAAL
17599,HOOFDDORP,SCHIPHOL AIRPORT
17599,SCHIPHOL AIRPORT,AMSTERDAM ZUID
17599,AMSTERDAM ZUID,AMSTERDAM RAI
17599,AMSTERDAM RAI,DUIVENDRECHT
17599,DUIVENDRECHT,DIEMEN ZUID
17599,DIEMEN ZUID,WEESP
17599,WEESP,ALMERE POORT
17599,ALMERE POORT,ALMERE MUZIEKWIJK
17599,ALMERE MUZIEKWIJK,ALMERE CENTRUM
17599,ALMERE CENTRUM,ALMERE PARKWIJK
17599,ALMERE PARKWIJK,ALMERE BUITEN
17599,ALMERE BUITEN,ALMERE OOSTVAARDERS
17601,AMERSFOORT SCHOTHORST,AMERSFOORT CENTRAAL
17601,AMERSFOORT CENTRAAL,UTRECHT CENTRAAL
17601,UTRECHT CENTRAAL,GOUDA
17601,GOUDA,DEN HAAG CENTRAAL
17614,GRONINGEN,ASSEN
17614,ASSEN,ZWOLLE
17614,ZWOLLE,AMERSFOORT CENTRAAL
17614,AMERSFOORT CENTRAAL,UTRECHT CENTRAAL
17614,UTRECHT CENTRAAL,GOUDA
17614,GOUDA,ROTTERDAM ALEXANDER
17614,ROTTERDAM ALEXANDER,ROTTERDAM CENTRAAL
17615,AMSTERDAM CENTRAAL,SCHIPHOL AIRPORT
17615,SCHIPHOL AIRPORT,ROTTERDAM CENTRAAL
17615,ROTTERDAM CENTRAAL,BREDA
17620,LEEUWARDEN,GROU-JIRNSUM
17620,GROU-JIRNSUM,AKKRUM
17620,AKKRUM,HEERENVEEN
17620,HEERENVEEN,WOLVEGA
17620,WOLVEGA,STEENWIJK
17620,STEENWIJK,MEPPEL
17627,UTRECHT CENTRAAL,UTRECHT OVERVECHT
17627,UTRECHT OVERVECHT,BILTHOVEN
17627,BILTHOVEN,DEN DOLDER
17627,DEN DOLDER,SOEST ZUID
17627,SOEST ZUID,SOEST
17627,SOEST,SOESTDIJK
17627,SOESTDIJK,BAARN
17641,ZWOLLE,WEZEP
17641,WEZEP,HARDE ('T)
17641,HARDE ('T),NUNSPEET
17641,NUNSPEET,HARDERWIJK
17641,HARDERWIJK,ERMELO
17641,ERMELO,PUTTEN
17641,PUTTEN,NIJKERK
17641,NIJKERK,AMERSFOORT VATHORST
17641,AMERSFOORT VATHORST,AMERSFOORT SCHOTHORST
17641,AMERSFOORT SCHOTHORST,AMERSFOORT CENTRAAL
17641,AMERSFOORT CENTRAAL,DEN DOLDER
17641,DEN DOLDER,BILTHOVEN
17641,BILTHOVEN,UTRECHT OVERVECHT
17641,UTRECHT OVERVECHT,UTRECHT CENTRAAL
17651,UTRECHT CENTRAAL,UTRECHT LEIDSCHE RIJN
17651,UTRECHT LEIDSCHE RIJN,UTRECHT TERWIJDE
17651,UTRECHT TERWIJDE,VLEUTEN
17651,VLEUTEN,WOERDEN
17651,WOERDEN,GOUDA GOVERWELLE
17651,GOUDA GOVERWELLE,GOUDA
17651,GOUDA,NIEUWERKERK AD IJSSEL
17651,NIEUWERKERK AD IJSSEL,CAPELLE SCHOLLEVAAR
17651,CAPELLE SCHOLLEVAAR,ROTTERDAM ALEXANDER
17651,ROTTERDAM ALEXANDER,ROTTERDAM NOORD
17651,ROTTERDAM NOORD,ROTTERDAM CENTRAAL
17658,ROOSENDAAL,ETTEN-LEUR
17658,ETTEN-LEUR,BREDA
17658,BREDA,TILBURG
17658,TILBURG,HERTOGENBOSCH ('S)
17658,HERTOGENBOSCH ('S),OSS
17658,OSS,NIJMEGEN
17658,NIJMEGEN,ARNHEM CENTRAAL
17658,ARNHEM CENTRAAL,DIEREN
17658,DIEREN,ZUTPHEN
17658,ZUTPHEN,DEVENTER
17658,DEVENTER,OLST
17658,OLST,WIJHE
17658,WIJHE,ZWOLLE
17661,AMSTERDAM CENTRAAL,AMSTERDAM SLOTERDIJK
17661,AMSTERDAM SLOTERDIJK,HAARLEM
17661,HAARLEM,HEEMSTEDE-AERDENHOUT
17661,HEEMSTEDE-AERDENHOUT,LEIDEN CENTRAAL
17661,LEIDEN CENTRAAL,DEN HAAG CENTRAAL
17705,ENSCHEDE,HENGELO
17705,HENGELO,ALMELO
17705,ALMELO,DEVENTER
17705,DEVENTER,APELDOORN
17705,APELDOORN,AMERSFOORT CENTRAAL
17705,AMERSFOORT CENTRAAL,UTRECHT CENTRAAL
17705,UTRECHT CENTRAAL,GOUDA
17705,GOUDA,DEN HAAG CENTRAAL
17725,AMSTERDAM CENTRAAL,HILVERSUM
17725,HILVERSUM,AMERSFOORT CENTRAAL
17725,AMERSFOORT CENTRAAL,APELDOORN
17725,APELDOORN,DEVENTER
17725,DEVENTER,ALMELO
17725,ALMELO,HENGELO
17725,HENGELO,BAD BENTHEIM
17725,BAD BENTHEIM,RHEINE
17725,RHEINE,OSNABRUCK HBF
17725,OSNABRUCK HBF,BAD OEYNHAUSEN
17725,BAD OEYNHAUSEN,MINDEN (WESTF)
17725,MINDEN (WESTF),HANNOVER HBF
17748,UITGEEST,KROMMENIE-ASSENDELFT
17748,KROMMENIE-ASSENDELFT,WORMERVEER
17748,WORMERVEER,ZAANDIJK ZAANSE SCHANS
17748,ZAANDIJK ZAANSE SCHANS,KOOG AAN DE ZAAN
17748,KOOG AAN DE ZAAN,ZAANDAM
17748,ZAANDAM,AMSTERDAM SLOTERDIJK
17748,AMSTERDAM SLOTERDIJK,AMSTERDAM CENTRAAL
17748,AMSTERDAM CENTRAAL,AMSTERDAM MUIDERPOORT
17748,AMSTERDAM MUIDERPOORT,AMSTERDAM AMSTEL
17748,AMSTERDAM AMSTEL,DUIVENDRECHT
17748,DUIVENDRECHT,AMSTERDAM BIJLMER ARENA
17748,AMSTERDAM BIJLMER ARENA,AMSTERDAM HOLENDRECHT
17748,AMSTERDAM HOLENDRECHT,ABCOUDE
17748,ABCOUDE,BREUKELEN
17748,BREUKELEN,WOERDEN
17748,WOERDEN,GOUDA GOVERWELLE
17748,GOUDA GOVERWELLE,GOUDA
17748,GOUDA,NIEUWERKERK AD IJSSEL
17748,NIEUWERKERK AD IJSSEL,CAPELLE SCHOLLEVAAR
17748,CAPELLE SCHOLLEVAAR,ROTTERDAM ALEXANDER
17748,ROTTERDAM ALEXANDER,ROTTERDAM NOORD
17748,ROTTERDAM NOORD,ROTTERDAM CENTRAAL
17752,WINTERSWIJK,WINTERSWIJK WEST
17752,WINTERSWIJK WEST,LICHTENVOORDE-GROENLO
17752,LICHTENVOORDE-GROENLO,RUURLO
17752,RUURLO,VORDEN
17752,VORDEN,ZUTPHEN
17773,APELDOORN,APELDOORN DE MATEN
17773,APELDOORN DE MATEN,KLARENBEEK
17773,KLARENBEEK,VOORST-EMPE
17773,VOORST-EMPE,ZUTPHEN
17782,DEN HAAG CENTRAAL,LEIDEN CENTRAAL
17782,LEIDEN CENTRAAL,SCHIPHOL AIRPORT
17782,SCHIPHOL AIRPORT,AMSTERDAM ZUID
17782,AMSTERDAM ZUID,ALMERE CENTRUM
17782,ALMERE CENTRUM,LELYSTAD CENTRUM
17782,LELYSTAD CENTRUM,ZWOLLE
17782,ZWOLLE,ASSEN
17782,ASSEN,GRONINGEN
17792,DEN HELDER,DEN HELDER ZUID
17792,DEN HELDER ZUID,ANNA PAULOWNA
17792,ANNA PAULOWNA,SCHAGEN
17792,SCHAGEN,HEERHUGOWAARD
17792,HEERHUGOWAARD,ALKMAAR NOORD
17792,ALKMAAR NOORD,ALKMAAR
17792,ALKMAAR,HEILOO
17792,HEILOO,CASTRICUM
17792,CASTRICUM,ZAANDAM
17792,ZAANDAM,AMSTERDAM SLOTERDIJK
17792,AMSTERDAM SLOTERDIJK,AMSTERDAM CENTRAAL
17792,AMSTERDAM CENTRAAL,AMSTERDAM AMSTEL
17792,AMSTERDAM AMSTEL,UTRECHT CENTRAAL
17792,UTRECHT CENTRAAL,VEENENDAAL-DE KLOMP
17792,VEENENDAAL-DE KLOMP,EDE-WAGENINGEN
17792,EDE-WAGENINGEN,ARNHEM CENTRAAL
17792,ARNHEM CENTRAAL,NIJMEGEN
17795,AMSTERDAM CENTRAAL,SCHIPHOL AIRPORT
17795,SCHIPHOL AIRPORT,ROTTERDAM CENTRAAL
17795,ROTTERDAM CENTRAAL,ANTWERPEN-CENTRAAL
17795,ANTWERPEN-CENTRAAL,BRUSSEL-ZUID/MIDI
17795,BRUSSEL-ZUID/MIDI,PARIS-NORD
17803,AMSTERDAM CENTRAAL,AMSTERDAM SLOTERDIJK
17803,AMSTERDAM SLOTERDIJK,HALFWEG-ZWANENBURG
17803,HALFWEG-ZWANENBURG,HAARLEM SPAARNWOUDE
17803,HAARLEM SPAARNWOUDE,HAARLEM
17803,HAARLEM,OVERVEEN
17803,OVERVEEN,ZANDVOORT AAN ZEE
17828,HAARLEM,HEEMSTEDE-AERDENHOUT
17828,HEEMSTEDE-AERDENHOUT,HILLEGOM
17828,HILLEGOM,VOORHOUT
17828,VOORHOUT,LEIDEN CENTRAAL
17828,LEIDEN CENTRAAL,DE VINK
17828,DE VINK,VOORSCHOTEN
17828,VOORSCHOTEN,DEN HAAG MARIAHOEVE
17828,DEN HAAG MARIAHOEVE,DEN HAAG LAAN V NOI
17828,DEN HAAG LAAN V NOI,DEN HAAG CENTRAAL
18646,MAASTRICHT,MAASTRICHT RANDWYCK
18646,MAASTRICHT RANDWYCK,EIJSDEN
18646,EIJSDEN,VISE
18646,VISE,BRESSOUX
18646,BRESSOUX,LIEGE-GUILLEMINS
18646,LIEGE-GUILLEMINS,LIEGE-CARRE
18646,LIEGE-CARRE,LIEGE-SAINT-LAMBERT
18646,LIEGE-SAINT-LAMBERT,HASSELT
18752,NIJMEGEN,ELST
18752,ELST,ARNHEM CENTRAAL
18752,ARNHEM CENTRAAL,EDE-WAGENINGEN
18752,EDE-WAGENINGEN,UTRECHT CENTRAAL
20895,LEIDEN CENTRAAL,SCHIPHOL AIRPORT
20895,SCHIPHOL AIRPORT,AMSTERDAM BIJLMER ARENA
31675,AMERSFOORT SCHOTHORST,AMERSFOORT CENTRAAL
31675,AMERSFOORT CENTRAAL,HILVERSUM
31675,HILVERSUM,DUIVENDRECHT
31675,DUIVENDRECHT,AMSTERDAM ZUID
31675,AMSTERDAM ZUID,SCHIPHOL AIRPORT
31677,NIJMEGEN,ARNHEM CENTRAAL
31677,ARNHEM CENTRAAL,EDE-WAGENINGEN
31677,EDE-WAGENINGEN,DRIEBERGEN-ZEIST
31677,DRIEBERGEN-ZEIST,UTRECHT CENTRAAL
31677,UTRECHT CENTRAAL,AMSTERDAM BIJLMER ARENA
31677,AMSTERDAM BIJLMER ARENA,AMSTERDAM ZUID
31677,AMSTERDAM ZUID,SCHIPHOL AIRPORT
31682,SCHIPHOL AIRPORT,AMSTERDAM ZUID
31682,AMSTERDAM ZUID,DUIVENDRECHT
31682,DUIVENDRECHT,HILVERSUM
31682,HILVERSUM,AMERSFOORT CENTRAAL
31682,AMERSFOORT CENTRAAL,APELDOORN
31682,APELDOORN,DEVENTER
31682,DEVENTER,ALMELO
31682,ALMELO,HENGELO
31682,HENGELO,ENSCHEDE
31704,ALKMAAR,HEILOO
31704,HEILOO,CASTRICUM
31704,CASTRICUM,BEVERWIJK
31704,BEVERWIJK,HAARLEM
37218,ARNHEM CENTRAAL,ARNHEM VELPERPOORT
37218,ARNHEM VELPERPOORT,WESTERVOORT
37218,WESTERVOORT,DUIVEN
37218,DUIVEN,ZEVENAAR
37218,ZEVENAAR,DIDAM
37218,DIDAM,WEHL
37218,WEHL,DOETINCHEM DE HUET
37218,DOETINCHEM DE HUET,DOETINCHEM
37218,DOETINCHEM,GAANDEREN
37218,GAANDEREN,TERBORG
37218,TERBORG,VARSSEVELD
37218,VARSSEVELD,AALTEN
37218,AALTEN,WINTERSWIJK
37247,DOETINCHEM,DOETINCHEM DE HUET
37247,DOETINCHEM DE HUET,WEHL
37247,WEHL,DIDAM
37247,DIDAM,ZEVENAAR
37247,ZEVENAAR,DUIVEN
37247,DUIVEN,WESTERVOORT
37247,WESTERVOORT,ARNHEM VELPERPOORT
37247,ARNHEM VELPERPOORT,ARNHEM CENTRAAL
37294,ARNHEM CENTRAAL,OOSTERBEEK
37294,OOSTERBEEK,WOLFHEZE
37294,WOLFHEZE,EDE-WAGENINGEN
37307,TIEL,KESTEREN
37307,KESTEREN,OPHEUSDEN
37307,OPHEUSDEN,HEMMEN-DODEWAARD
37307,HEMMEN-DODEWAARD,ZETTEN-ANDELST
37307,ZETTEN-ANDELST,ELST
37307,ELST,ARNHEM CENTRAAL
41200,ROTTERDAM CENTRAAL,ROTTERDAM NOORD
41200,ROTTERDAM NOORD,ROTTERDAM ALEXANDER
41200,ROTTERDAM ALEXANDER,CAPELLE SCHOLLEVAAR
41200,CAPELLE SCHOLLEVAAR,NIEUWERKERK AD IJSSEL
41200,NIEUWERKERK AD IJSSEL,GOUDA
41200,GOUDA,GOUDA GOVERWELLE
41201,ALPHEN A/D RIJN,LEIDEN LAMMENSCHANS
41201,LEIDEN LAMMENSCHANS,LEIDEN CENTRAAL
41202,VLISSINGEN,VLISSINGEN SOUBURG
41202,VLISSINGEN SOUBURG,MIDDELBURG
41202,MIDDELBURG,ARNEMUIDEN
41202,ARNEMUIDEN,GOES
41202,GOES,KAPELLE-BIEZELINGE
41202,KAPELLE-BIEZELINGE,KRUININGEN-YERSEKE
41202,KRUININGEN-YERSEKE,KRABBENDIJKE
41202,KRABBENDIJKE,RILLAND-BATH
41202,RILLAND-BATH,BERGEN OP ZOOM
41202,BERGEN OP ZOOM,ROOSENDAAL
41202,ROOSENDAAL,DORDRECHT
41202,DORDRECHT,ROTTERDAM BLAAK
41202,ROTTERDAM BLAAK,ROTTERDAM CENTRAAL
41202,ROTTERDAM CENTRAAL,SCHIEDAM CENTRUM
41202,SCHIEDAM CENTRUM,DELFT
41202,DELFT,DEN HAAG HS
41202,DEN HAAG HS,DEN HAAG LAAN V NOI
41202,DEN HAAG LAAN V NOI,LEIDEN CENTRAAL
41202,LEIDEN CENTRAAL,HEEMSTEDE-AERDENHOUT
41202,HEEMSTEDE-AERDENHOUT,HAARLEM
41202,HAARLEM,AMSTERDAM SLOTERDIJK
41202,AMSTERDAM SLOTERDIJK,AMSTERDAM CENTRAAL
41206,HOOFDDORP,SCHIPHOL AIRPORT
41206,SCHIPHOL AIRPORT,AMSTERDAM ZUID
41206,AMSTERDAM ZUID,AMSTERDAM RAI
41206,AMSTERDAM RAI,DUIVENDRECHT
41206,DUIVENDRECHT,DIEMEN ZUID
41206,DIEMEN ZUID,WEESP
41206,WEESP,NAARDEN-BUSSUM
41206,NAARDEN-BUSSUM,BUSSUM ZUID
41206,BUSSUM ZUID,HILVERSUM MEDIA PARK
41206,HILVERSUM MEDIA PARK,HILVERSUM
41206,HILVERSUM,HILVERSUM SPORTPARK
41206,HILVERSUM SPORTPARK,HOLLANDSCHE RADING
41206,HOLLANDSCHE RADING,UTRECHT OVERVECHT
41206,UTRECHT OVERVECHT,UTRECHT CENTRAAL
41208,DORDRECHT,DORDRECHT ZUID
41208,DORDRECHT ZUID,LAGE ZWALUWE
41208,LAGE ZWALUWE,ZEVENBERGEN
41208,ZEVENBERGEN,OUDENBOSCH
41208,OUDENBOSCH,ROOSENDAAL
41210,LEEUWARDEN,HEERENVEEN
41210,HEERENVEEN,STEENWIJK
41210,STEENWIJK,MEPPEL
41210,MEPPEL,ZWOLLE
41210,ZWOLLE,AMERSFOORT CENTRAAL
41210,AMERSFOORT CENTRAAL,UTRECHT CENTRAAL
41210,UTRECHT CENTRAAL,GOUDA
41210,GOUDA,ROTTERDAM ALEXANDER
41210,ROTTERDAM ALEXANDER,ROTTERDAM CENTRAAL
41214,ENKHUIZEN,BOVENKARSPEL FLORA
41214,BOVENKARSPEL FLORA,BOVENKARSPEL-GROOTEBROEK
41214,BOVENKARSPEL-GROOTEBROEK,HOOGKARSPEL
41214,HOOGKARSPEL,HOORN KERSENBOOGERD
41214,HOORN KERSENBOOGERD,HOORN
41214,HOORN,AMSTERDAM SLOTERDIJK
41214,AMSTERDAM SLOTERDIJK,AMSTERDAM CENTRAAL
41216,ALMELO,WIERDEN
41216,WIERDEN,RIJSSEN
41216,RIJSSEN,HOLTEN
41216,HOLTEN,DEVENTER COLMSCHATE
41216,DEVENTER COLMSCHATE,DEVENTER
41216,DEVENTER,TWELLO
41216,TWELLO,APELDOORN OSSEVELD
41216,APELDOORN OSSEVELD,APELDOORN
41217,UTRECHT CENTRAAL,UTRECHT OVERVECHT
41217,UTRECHT OVERVECHT,HOLLANDSCHE RADING
41217,HOLLANDSCHE RADING,HILVERSUM SPORTPARK
41217,HILVERSUM SPORTPARK,HILVERSUM
41217,HILVERSUM,NAARDEN-BUSSUM
41217,NAARDEN-BUSSUM,ALMERE POORT
41217,ALMERE POORT,ALMERE MUZIEKWIJK
41217,ALMERE MUZIEKWIJK,ALMERE CENTRUM
41220,GRONINGEN,GRONINGEN EUROPAPARK
41220,GRONINGEN EUROPAPARK,HAREN
41220,HAREN,ASSEN
41220,ASSEN,BEILEN
41220,BEILEN,HOOGEVEEN
41220,HOOGEVEEN,MEPPEL
41220,MEPPEL,ZWOLLE
41221,ALPHEN A/D RIJN,BOSKOOP
41221,BOSKOOP,BOSKOOP SNIJDELWIJK
41221,BOSKOOP SNIJDELWIJK,WADDINXVEEN NOORD
41221,WADDINXVEEN NOORD,WADDINXVEEN
41221,WADDINXVEEN,WADDINXVEEN TRIANGEL
41221,WADDINXVEEN TRIANGEL,GOUDA
41223,DEN HAAG CENTRAAL,LEIDEN CENTRAAL
41223,LEIDEN CENTRAAL,SCHIPHOL AIRPORT
41223,SCHIPHOL AIRPORT,AMSTERDAM ZUID
41223,AMSTERDAM ZUID,ALMERE CENTRUM
41223,ALMERE CENTRUM,LELYSTAD CENTRUM
41223,LELYSTAD CENTRUM,ZWOLLE
41223,ZWOLLE,MEPPEL
41223,MEPPEL,STEENWIJK
41223,STEENWIJK,HEERENVEEN
41223,HEERENVEEN,LEEUWARDEN
41226,HOORN,OBDAM
41226,OBDAM,HEERHUGOWAARD
41226,HEERHUGOWAARD,ALKMAAR NOORD
41226,ALKMAAR NOORD,ALKMAAR
41226,ALKMAAR,HEILOO
41226,HEILOO,CASTRICUM
41226,CASTRICUM,UITGEEST
41226,UITGEEST,HEEMSKERK
41226,HEEMSKERK,BEVERWIJK
41226,BEVERWIJK,DRIEHUIS
41226,DRIEHUIS,SANTPOORT NOORD
41226,SANTPOORT NOORD,SANTPOORT ZUID
41226,SANTPOORT ZUID,BLOEMENDAAL
41226,BLOEMENDAAL,HAARLEM
41226,HAARLEM,HAARLEM SPAARNWOUDE
41226,HAARLEM SPAARNWOUDE,HALFWEG-ZWANENBURG
41226,HALFWEG-ZWANENBURG,AMSTERDAM SLOTERDIJK
41226,AMSTERDAM SLOTERDIJK,AMSTERDAM CENTRAAL
41228,LEIDEN CENTRAAL,SASSENHEIM
41228,SASSENHEIM,NIEUW VENNEP
41228,NIEUW VENNEP,HOOFDDORP
41228,HOOFDDORP,SCHIPHOL AIRPORT
41228,SCHIPHOL AIRPORT,AMSTERDAM LELYLAAN
41228,AMSTERDAM LELYLAAN,AMSTERDAM SLOTERDIJK
41228,AMSTERDAM SLOTERDIJK,ZAANDAM
41228,ZAANDAM,ZAANDAM KOGERVELD
41228,ZAANDAM KOGERVELD,PURMEREND WEIDEVENNE
41228,PURMEREND WEIDEVENNE,PURMEREND
41228,PURMEREND,PURMEREND OVERWHERE
41228,PURMEREND OVERWHERE,HOORN
41228,HOORN,HOORN KERSENBOOGERD
41236,ZUTPHEN,BRUMMEN
41236,BRUMMEN,DIEREN
41236,DIEREN,RHEDEN
41236,RHEDEN,VELP
41236,VELP,ARNHEM PRESIKHAAF
41236,ARNHEM PRESIKHAAF,ARNHEM VELPERPOORT
41236,ARNHEM VELPERPOORT,ARNHEM CENTRAAL
41236,ARNHEM CENTRAAL,ARNHEM ZUID
41236,ARNHEM ZUID,ELST
41236,ELST,NIJMEGEN LENT
41236,NIJMEGEN LENT,NIJMEGEN
41236,NIJMEGEN,NIJMEGEN GOFFERT
41236,NIJMEGEN GOFFERT,NIJMEGEN DUKENBURG
41236,NIJMEGEN DUKENBURG,WIJCHEN
41238,LELYSTAD CENTRUM,ALMERE BUITEN
41238,ALMERE BUITEN,ALMERE CENTRUM
41238,ALMERE CENTRUM,DUIVENDRECHT
41238,DUIVENDRECHT,AMSTERDAM ZUID
41238,AMSTERDAM ZUID,SCHIPHOL AIRPORT
41238,SCHIPHOL AIRPORT,LEIDEN CENTRAAL
41238,LEIDEN CENTRAAL,DEN HAAG LAAN V NOI
41238,DEN HAAG LAAN V NOI,DEN HAAG HS
41238,DEN HAAG HS,DELFT
41238,DELFT,SCHIEDAM CENTRUM
41238,SCHIEDAM CENTRUM,ROTTERDAM CENTRAAL
41238,ROTTERDAM CENTRAAL,ROTTERDAM BLAAK
41238,ROTTERDAM BLAAK,DORDRECHT
41239,DORDRECHT,ZWIJNDRECHT
41239,ZWIJNDRECHT,BARENDRECHT
41239,BARENDRECHT,ROTTERDAM LOMBARDIJEN
41239,ROTTERDAM LOMBARDIJEN,ROTTERDAM ZUID
41239,ROTTERDAM ZUID,ROTTERDAM BLAAK
41239,ROTTERDAM BLAAK,ROTTERDAM CENTRAAL
41239,ROTTERDAM CENTRAAL,SCHIEDAM CENTRUM
41239,SCHIEDAM CENTRUM,DELFT CAMPUS
41239,DELFT CAMPUS,DELFT
41239,DELFT,RIJSWIJK
41239,RIJSWIJK,DEN HAAG MOERWIJK
41239,DEN HAAG MOERWIJK,DEN HAAG HS
41239,DEN HAAG HS,DEN HAAG CENTRAAL
43187,DORDRECHT,ZWIJNDRECHT
43187,ZWIJNDRECHT,BARENDRECHT
43187,BARENDRECHT,ROTTERDAM LOMBARDIJEN
43187,ROTTERDAM LOMBARDIJEN,ROTTERDAM ZUID
43187,ROTTERDAM ZUID,ROTTERDAM BLAAK
43187,ROTTERDAM BLAAK,ROTTERDAM CENTRAAL
43187,ROTTERDAM CENTRAAL,SCHIEDAM CENTRUM
43187,SCHIEDAM CENTRUM,DELFT CAMPUS
43187,DELFT CAMPUS,DELFT
43187,DELFT,RIJSWIJK
43187,RIJSWIJK,DEN HAAG MOERWIJK
43187,DEN HAAG MOERWIJK,DEN HAAG HS
43187,DEN HAAG HS,DEN HAAG CENTRAAL
44942,AMSTERDAM CENTRAAL,ALMERE CENTRUM
44947,ALMERE CENTRUM,ALMERE MUZIEKWIJK
44947,ALMERE MUZIEKWIJK,ALMERE POORT
44947,ALMERE POORT,NAARDEN-BUSSUM
44947,NAARDEN-BUSSUM,HILVERSUM
44947,HILVERSUM,HILVERSUM SPORTPARK
44947,HILVERSUM SPORTPARK,UTRECHT OVERVECHT
44947,UTRECHT OVERVECHT,UTRECHT CENTRAAL
45189,GRONINGEN,GRONINGEN EUROPAPARK
45189,GRONINGEN EUROPAPARK,HAREN
45189,HAREN,ASSEN
45189,ASSEN,BEILEN
45189,BEILEN,HOOGEVEEN
45189,HOOGEVEEN,MEPPEL
45189,MEPPEL,ZWOLLE
45189,ZWOLLE,KAMPEN ZUID
45189,KAMPEN ZUID,DRONTEN
45189,DRONTEN,LELYSTAD CENTRUM
45189,LELYSTAD CENTRUM,ALMERE CENTRUM
45189,ALMERE CENTRUM,AMSTERDAM CENTRAAL
45194,GOUDA GOVERWELLE,GOUDA
45194,GOUDA,LANSINGERLAND-ZOETERMEER
45194,LANSINGERLAND-ZOETERMEER,ZOETERMEER OOST
45194,ZOETERMEER OOST,ZOETERMEER
45194,ZOETERMEER,DEN HAAG YPENBURG
45194,DEN HAAG YPENBURG,VOORBURG
45194,VOORBURG,DEN HAAG CENTRAAL
45223,MAASTRICHT RANDWYCK,MAASTRICHT
45223,MAASTRICHT,MAASTRICHT NOORD
45223,MAASTRICHT NOORD,MEERSSEN
45223,MEERSSEN,HOUTHEM-ST. GERLACH
45223,HOUTHEM-ST. GERLACH,VALKENBURG
45223,VALKENBURG,SCHIN OP GEUL
45223,SCHIN OP GEUL,KLIMMEN-RANSDAAL
45223,KLIMMEN-RANSDAAL,VOERENDAAL
45223,VOERENDAAL,HEERLEN WOONBOULEVARD
45223,HEERLEN WOONBOULEVARD,HEERLEN
45224,MAASTRICHT RANDWYCK,MAASTRICHT
45224,MAASTRICHT,BUNDE
45224,BUNDE,BEEK-ELSLOO
45224,BEEK-ELSLOO,GELEEN-LUTTERADE
45224,GELEEN-LUTTERADE,SITTARD
45224,SITTARD,SUSTEREN
45224,SUSTEREN,ECHT
45224,ECHT,ROERMOND
45226,VENRAY,VIERLINGSBEEK
45226,VIERLINGSBEEK,BOXMEER
45226,BOXMEER,CUIJK
45226,CUIJK,MOOK-MOLENHOEK
45226,MOOK-MOLENHOEK,NIJMEGEN HEYENDAAL
45226,NIJMEGEN HEYENDAAL,NIJMEGEN
45227,NIJMEGEN,NIJMEGEN HEYENDAAL
45227,NIJMEGEN HEYENDAAL,MOOK-MOLENHOEK
45227,MOOK-MOLENHOEK,CUIJK
45227,CUIJK,BOXMEER
45227,BOXMEER,VIERLINGSBEEK
45227,VIERLINGSBEEK,VENRAY
45227,VENRAY,BLERICK
45227,BLERICK,VENLO
45227,VENLO,TEGELEN
45227,TEGELEN,REUVER
45227,REUVER,SWALMEN
45227,SWALMEN,ROERMOND
45231,SITTARD,GELEEN OOST
45231,GELEEN OOST,SPAUBEEK
45231,SPAUBEEK,SCHINNEN
45231,SCHINNEN,NUTH
45231,NUTH,HOENSBROEK
45231,HOENSBROEK,HEERLEN
45231,HEERLEN,LANDGRAAF
45231,LANDGRAAF,EYGELSHOVEN
45231,EYGELSHOVEN,CHEVREMONT
45231,CHEVREMONT,KERKRADE CENTRUM
46036,DEN HAAG CENTRAAL,DEN HAAG LAAN V NOI
46036,DEN HAAG LAAN V NOI,DEN HAAG MARIAHOEVE
46036,DEN HAAG MARIAHOEVE,VOORSCHOTEN
46036,VOORSCHOTEN,DE VINK
46036,DE VINK,LEIDEN CENTRAAL
46036,LEIDEN CENTRAAL,SASSENHEIM
46036,SASSENHEIM,NIEUW VENNEP
46036,NIEUW VENNEP,HOOFDDORP
46036,HOOFDDORP,SCHIPHOL AIRPORT
46036,SCHIPHOL AIRPORT,AMSTERDAM LELYLAAN
46036,AMSTERDAM LELYLAAN,AMSTERDAM SLOTERDIJK
46036,AMSTERDAM SLOTERDIJK,AMSTERDAM CENTRAAL
46084,AMERSFOORT VATHORST,AMERSFOORT SCHOTHORST
46084,AMERSFOORT SCHOTHORST,AMERSFOORT CENTRAAL
46084,AMERSFOORT CENTRAAL,BAARN
46084,BAARN,HILVERSUM
46084,HILVERSUM,HILVERSUM MEDIA PARK
46084,HILVERSUM MEDIA PARK,BUSSUM ZUID
46084,BUSSUM ZUID,NAARDEN-BUSSUM
46084,NAARDEN-BUSSUM,WEESP
46084,WEESP,DIEMEN
46084,DIEMEN,AMSTERDAM SCIENCE PARK
46084,AMSTERDAM SCIENCE PARK,AMSTERDAM MUIDERPOORT
46084,AMSTERDAM MUIDERPOORT,AMSTERDAM CENTRAAL
46092,AMSTERDAM CENTRAAL,AMSTERDAM MUIDERPOORT
46092,AMSTERDAM MUIDERPOORT,AMSTERDAM SCIENCE PARK
46092,AMSTERDAM SCIENCE PARK,DIEMEN
46092,DIEMEN,WEESP
46092,WEESP,ALMERE POORT
46092,ALMERE POORT,ALMERE MUZIEKWIJK
46092,ALMERE MUZIEKWIJK,ALMERE CENTRUM
46092,ALMERE CENTRUM,ALMERE PARKWIJK
46092,ALMERE PARKWIJK,ALMERE BUITEN
46092,ALMERE BUITEN,ALMERE OOSTVAARDERS
46092,ALMERE OOSTVAARDERS,LELYSTAD CENTRUM
46092,LELYSTAD CENTRUM,DRONTEN
46092,DRONTEN,KAMPEN ZUID
46092,KAMPEN ZUID,ZWOLLE
46093,AMSTERDAM CENTRAAL,AMSTERDAM SLOTERDIJK
46093,AMSTERDAM SLOTERDIJK,AMSTERDAM LELYLAAN
46093,AMSTERDAM LELYLAAN,SCHIPHOL AIRPORT
46093,SCHIPHOL AIRPORT,HOOFDDORP
51587,ALPHEN A/D RIJN,BOSKOOP
51587,BOSKOOP,BOSKOOP SNIJDELWIJK
51587,BOSKOOP SNIJDELWIJK,WADDINXVEEN NOORD
51587,WADDINXVEEN NOORD,WADDINXVEEN
51587,WADDINXVEEN,WADDINXVEEN TRIANGEL
51587,WADDINXVEEN TRIANGEL,GOUDA
51610,GRONINGEN,GRONINGEN EUROPAPARK
51610,GRONINGEN EUROPAPARK,HAREN
51610,HAREN,ASSEN
52979,UTRECHT CENTRAAL,HOUTEN CASTELLUM
52979,HOUTEN CASTELLUM,HOUTEN CASTELLUM
52979,HOUTEN CASTELLUM,HOUTEN
52979,HOUTEN,UTRECHT LUNETTEN
52979,UTRECHT LUNETTEN,UTRECHT VAARTSCHE RIJN
52979,UTRECHT VAARTSCHE RIJN,UTRECHT CENTRAAL
52982,KAMPEN,ZWOLLE STADSHAGEN
52982,ZWOLLE STADSHAGEN,ZWOLLE
52984,HEERLEN,SITTARD
52984,SITTARD,ROERMOND
52984,ROERMOND,WEERT
52984,WEERT,EINDHOVEN CENTRAAL
52984,EINDHOVEN CENTRAAL,HERTOGENBOSCH ('S)
52984,HERTOGENBOSCH ('S),UTRECHT CENTRAAL
52984,UTRECHT CENTRAAL,AMSTERDAM AMSTEL
52984,AMSTERDAM AMSTEL,AMSTERDAM CENTRAAL
52984,AMSTERDAM CENTRAAL,AMSTERDAM SLOTERDIJK
52984,AMSTERDAM SLOTERDIJK,HOORN
52984,HOORN,HOORN KERSENBOOGERD
52984,HOORN KERSENBOOGERD,HOOGKARSPEL
52984,HOOGKARSPEL,BOVENKARSPEL-GROOTEBROEK
52984,BOVENKARSPEL-GROOTEBROEK,BOVENKARSPEL FLORA
52984,BOVENKARSPEL FLORA,ENKHUIZEN
52985,ALMELO,VRIEZENVEEN
52985,VRIEZENVEEN,DAARLERVEEN
52985,DAARLERVEEN,VROOMSHOOP
52985,VROOMSHOOP,MARIENBERG
52985,MARIENBERG,HARDENBERG
52986,MAASTRICHT,SITTARD
52986,SITTARD,ROERMOND
52986,ROERMOND,WEERT
52986,WEERT,EINDHOVEN CENTRAAL
52986,EINDHOVEN CENTRAAL,HERTOGENBOSCH ('S)
52986,HERTOGENBOSCH ('S),UTRECHT CENTRAAL
52986,UTRECHT CENTRAAL,AMSTERDAM AMSTEL
52986,AMSTERDAM AMSTEL,AMSTERDAM CENTRAAL
52986,AMSTERDAM CENTRAAL,AMSTERDAM SLOTERDIJK
52986,AMSTERDAM SLOTERDIJK,HOORN
52986,HOORN,HOORN KERSENBOOGERD
52986,HOORN KERSENBOOGERD,HOOGKARSPEL
52986,HOOGKARSPEL,BOVENKARSPEL-GROOTEBROEK
52986,BOVENKARSPEL-GROOTEBROEK,BOVENKARSPEL FLORA
52986,BOVENKARSPEL FLORA,ENKHUIZEN
52987,ROOSENDAAL,BERGEN OP ZOOM
52987,BERGEN OP ZOOM,RILLAND-BATH
52987,RILLAND-BATH,KRABBENDIJKE
52987,KRABBENDIJKE,KRUININGEN-YERSEKE
52987,KRUININGEN-YERSEKE,KAPELLE-BIEZELINGE
52987,KAPELLE-BIEZELINGE,GOES
52987,GOES,ARNEMUIDEN
52987,ARNEMUIDEN,MIDDELBURG
52987,MIDDELBURG,VLISSINGEN SOUBURG
52987,VLISSINGEN SOUBURG,VLISSINGEN
52989,ZWOLLE,HEINO
52989,HEINO,RAALTE
52989,RAALTE,NIJVERDAL
52989,NIJVERDAL,WIERDEN
52989,WIERDEN,ALMELO
52989,ALMELO,ALMELO DE RIET
52989,ALMELO DE RIET,BORNE
52989,BORNE,HENGELO
52989,HENGELO,ENSCHEDE KENNISPARK
52989,ENSCHEDE KENNISPARK,ENSCHEDE
52990,MAASTRICHT,SITTARD
52990,SITTARD,ROERMOND
52990,ROERMOND,WEERT
52990,WEERT,EINDHOVEN CENTRAAL
52990,EINDHOVEN CENTRAAL,HERTOGENBOSCH ('S)
52990,HERTOGENBOSCH ('S),UTRECHT CENTRAAL
52990,UTRECHT CENTRAAL,AMSTERDAM AMSTEL
52990,AMSTERDAM AMSTEL,AMSTERDAM CENTRAAL
52990,AMSTERDAM CENTRAAL,AMSTERDAM SLOTERDIJK
52990,AMSTERDAM SLOTERDIJK,ZAANDAM
52990,ZAANDAM,CASTRICUM
52990,CASTRICUM,ALKMAAR
52991,RHENEN,VEENENDAAL CENTRUM
52991,VEENENDAAL CENTRUM,VEENENDAAL WEST
52991,VEENENDAAL WEST,MAARN
52991,MAARN,DRIEBERGEN-ZEIST
52991,DRIEBERGEN-ZEIST,BUNNIK
52991,BUNNIK,UTRECHT VAARTSCHE RIJN
52991,UTRECHT VAARTSCHE RIJN,UTRECHT CENTRAAL
52991,UTRECHT CENTRAAL,UTRECHT ZUILEN
52991,UTRECHT ZUILEN,MAARSSEN
52991,MAARSSEN,BREUKELEN
52993,OLDENZAAL,HENGELO OOST
52993,HENGELO OOST,HENGELO
52993,HENGELO,HENGELO GEZONDHEIDSPARK
52993,HENGELO GEZONDHEIDSPARK,DELDEN
52993,DELDEN,GOOR
52993,GOOR,LOCHEM
52993,LOCHEM,ZUTPHEN
52996,EMMEN,EMMEN ZUID
52996,EMMEN ZUID,NIEUW AMSTERDAM
52996,NIEUW AMSTERDAM,COEVORDEN
52996,COEVORDEN,HARDENBERG
52996,HARDENBERG,MARIENBERG
52996,MARIENBERG,OMMEN
52996,OMMEN,DALFSEN
52996,DALFSEN,ZWOLLE
53004,EMMEN,EMMEN ZUID
53004,EMMEN ZUID,NIEUW AMSTERDAM
53004,NIEUW AMSTERDAM,DALEN
53004,DALEN,COEVORDEN
53004,COEVORDEN,GRAMSBERGEN
53004,GRAMSBERGEN,HARDENBERG
53004,HARDENBERG,MARIENBERG
53004,MARIENBERG,OMMEN
53004,OMMEN,DALFSEN
53004,DALFSEN,ZWOLLE
53898,SCHIPHOL AIRPORT,AMSTERDAM ZUID
53898,AMSTERDAM ZUID,AMSTERDAM BIJLMER ARENA
53898,AMSTERDAM BIJLMER ARENA,UTRECHT CENTRAAL
53898,UTRECHT CENTRAAL,HERTOGENBOSCH ('S)
53898,HERTOGENBOSCH ('S),EINDHOVEN CENTRAAL
53898,EINDHOVEN CENTRAAL,HELMOND
53898,HELMOND,DEURNE
53898,DEURNE,HORST-SEVENUM
53898,HORST-SEVENUM,BLERICK
53898,BLERICK,VENLO
59426,AMSTERDAM CENTRAAL,SCHIPHOL AIRPORT
59426,SCHIPHOL AIRPORT,ROTTERDAM CENTRAAL
59426,ROTTERDAM CENTRAAL,BREDA
59426,BREDA,NOORDERKEMPEN
59426,NOORDERKEMPEN,ANTWERPEN-CENTRAAL
59426,ANTWERPEN-CENTRAAL,ANTWERPEN-BERCHEM
59426,ANTWERPEN-BERCHEM,MECHELEN
59426,MECHELEN,BRUSSELS AIRPORT - ZAVENTEM
59426,BRUSSELS AIRPORT - ZAVENTEM,BRUSSEL-NOORD
59426,BRUSSEL-NOORD,BRUSSEL-CENTRAAL
59426,BRUSSEL-CENTRAAL,BRUSSEL-ZUID/MIDI
60129,UTRECHT CENTRAAL,UTRECHT MALIEBAAN
61275,ZWOLLE,RAALTE
61275,RAALTE,NIJVERDAL
61275,NIJVERDAL,ALMELO
61275,ALMELO,HENGELO
61275,HENGELO,ENSCHEDE
61913,GORINCHEM,BOVEN-HARDINXVELD
61913,BOVEN-HARDINXVELD,HARDINXVELD-GIESSENDAM
61913,HARDINXVELD-GIESSENDAM,SLIEDRECHT
61913,SLIEDRECHT,SLIEDRECHT BAANHOEK
61913,SLIEDRECHT BAANHOEK,DORDRECHT STADSPOLDERS
61913,DORDRECHT STADSPOLDERS,DORDRECHT
61914,ARNHEM CENTRAAL,ARNHEM ZUID
61914,ARNHEM ZUID,ELST
61914,ELST,NIJMEGEN LENT
61914,NIJMEGEN LENT,NIJMEGEN
61914,NIJMEGEN,NIJMEGEN GOFFERT
61914,NIJMEGEN GOFFERT,NIJMEGEN DUKENBURG
61914,NIJMEGEN DUKENBURG,WIJCHEN
61914,WIJCHEN,RAVENSTEIN
61914,RAVENSTEIN,OSS
61914,OSS,OSS WEST
61914,OSS WEST,ROSMALEN
61914,ROSMALEN,HERTOGENB ('S) OOST
61914,HERTOGENB ('S) OOST,HERTOGENBOSCH ('S)
61914,HERTOGENBOSCH ('S),TILBURG
61914,TILBURG,TILBURG UNIVERSITEIT
61914,TILBURG UNIVERSITEIT,TILBURG REESHOF
61914,TILBURG REESHOF,GILZE-RIJEN
61914,GILZE-RIJEN,BREDA
61914,BREDA,BREDA-PRINSENBEEK
61914,BREDA-PRINSENBEEK,LAGE ZWALUWE
61914,LAGE ZWALUWE,DORDRECHT ZUID
61914,DORDRECHT ZUID,DORDRECHT
61916,HERTOGENBOSCH ('S),HERTOGENB ('S) OOST
61916,HERTOGENB ('S) OOST,ROSMALEN
61916,ROSMALEN,OSS WEST
61916,OSS WEST,OSS
61916,OSS,RAVENSTEIN
61916,RAVENSTEIN,WIJCHEN
61916,WIJCHEN,NIJMEGEN DUKENBURG
61916,NIJMEGEN DUKENBURG,NIJMEGEN GOFFERT
61916,NIJMEGEN GOFFERT,NIJMEGEN
61916,NIJMEGEN,NIJMEGEN LENT
61916,NIJMEGEN LENT,ELST
61916,ELST,ARNHEM ZUID
61916,ARNHEM ZUID,ARNHEM CENTRAAL
61918,DORDRECHT,DORDRECHT STADSPOLDERS
61918,DORDRECHT STADSPOLDERS,SLIEDRECHT BAANHOEK
61918,SLIEDRECHT BAANHOEK,SLIEDRECHT
61918,SLIEDRECHT,HARDINXVELD BLAUWE ZOOM
61918,HARDINXVELD BLAUWE ZOOM,HARDINXVELD-GIESSENDAM
61918,HARDINXVELD-GIESSENDAM,BOVEN-HARDINXVELD
61918,BOVEN-HARDINXVELD,GORINCHEM
61918,GORINCHEM,ARKEL
61918,ARKEL,LEERDAM
61918,LEERDAM,BEESD
61918,BEESD,GELDERMALSEN
61919,ROOSENDAAL,ESSEN (B)
61919,ESSEN (B),WILDERT
61919,WILDERT,KALMTHOUT
61919,KALMTHOUT,KIJKUIT
61919,KIJKUIT,HEIDE (B)
61919,HEIDE (B),KAPELLEN
61919,KAPELLEN,SINT-MARIABURG
61919,SINT-MARIABURG,EKEREN
61919,EKEREN,ANTWERPEN-NOORDERDOKKEN
61919,ANTWERPEN-NOORDERDOKKEN,ANTWERPEN-LUCHTBAL
61919,ANTWERPEN-LUCHTBAL,ANTWERPEN-CENTRAAL
61919,ANTWERPEN-CENTRAAL,ANTWERPEN-BERCHEM
61919,ANTWERPEN-BERCHEM,ANTWERPEN-ZUID
61919,ANTWERPEN-ZUID,PUURS
61920,UITGEEST,KROMMENIE-ASSENDELFT
61920,KROMMENIE-ASSENDELFT,WORMERVEER
61920,WORMERVEER,ZAANDIJK ZAANSE SCHANS
61920,ZAANDIJK ZAANSE SCHANS,KOOG AAN DE ZAAN
61920,KOOG AAN DE ZAAN,ZAANDAM
61920,ZAANDAM,AMSTERDAM SLOTERDIJK
61920,AMSTERDAM SLOTERDIJK,AMSTERDAM CENTRAAL
61920,AMSTERDAM CENTRAAL,AMSTERDAM MUIDERPOORT
61920,AMSTERDAM MUIDERPOORT,AMSTERDAM AMSTEL
61920,AMSTERDAM AMSTEL,DUIVENDRECHT
61920,DUIVENDRECHT,AMSTERDAM BIJLMER ARENA
61920,AMSTERDAM BIJLMER ARENA,AMSTERDAM HOLENDRECHT
61920,AMSTERDAM HOLENDRECHT,ABCOUDE
61920,ABCOUDE,BREUKELEN
61920,BREUKELEN,MAARSSEN
61920,MAARSSEN,UTRECHT ZUILEN
61920,UTRECHT ZUILEN,UTRECHT CENTRAAL
61920,UTRECHT CENTRAAL,UTRECHT VAARTSCHE RIJN
61920,UTRECHT VAARTSCHE RIJN,BUNNIK
61920,BUNNIK,DRIEBERGEN-ZEIST
61920,DRIEBERGEN-ZEIST,MAARN
61920,MAARN,VEENENDAAL WEST
61920,VEENENDAAL WEST,VEENENDAAL CENTRUM
61920,VEENENDAAL CENTRUM,RHENEN
66117,DORDRECHT,ROTTERDAM BLAAK
66117,ROTTERDAM BLAAK,ROTTERDAM CENTRAAL
66117,ROTTERDAM CENTRAAL,SCHIEDAM CENTRUM
66117,SCHIEDAM CENTRUM,DELFT
66117,DELFT,DEN HAAG HS
66117,DEN HAAG HS,DEN HAAG LAAN V NOI
66117,DEN HAAG LAAN V NOI,LEIDEN CENTRAAL
66117,LEIDEN CENTRAAL,SCHIPHOL AIRPORT
66117,SCHIPHOL AIRPORT,AMSTERDAM ZUID
66117,AMSTERDAM ZUID,AMSTERDAM BIJLMER ARENA
66117,AMSTERDAM BIJLMER ARENA,UTRECHT CENTRAAL
66117,UTRECHT CENTRAAL,HERTOGENBOSCH ('S)
66117,HERTOGENBOSCH ('S),EINDHOVEN CENTRAAL
66117,EINDHOVEN CENTRAAL,HELMOND
66117,HELMOND,DEURNE
66117,DEURNE,HORST-SEVENUM
66117,HORST-SEVENUM,BLERICK
66117,BLERICK,VENLO
66763,DEURNE,HELMOND BROUWHUIS
66763,HELMOND BROUWHUIS,HELMOND
66763,HELMOND,HELMOND 'T HOUT
66763,HELMOND 'T HOUT,HELMOND BRANDEVOORT
66763,HELMOND BRANDEVOORT,EINDHOVEN CENTRAAL
66763,EINDHOVEN CENTRAAL,EINDHOVEN STRIJP-S
66763,EINDHOVEN STRIJP-S,BEST
66763,BEST,BOXTEL
66763,BOXTEL,VUGHT
66763,VUGHT,HERTOGENBOSCH ('S)
66765,ROTTERDAM CENTRAAL,GOUDA
66765,GOUDA,DEN HAAG HS
66765,DEN HAAG HS,LEIDEN CENTRAAL
66765,LEIDEN CENTRAAL,SCHIPHOL AIRPORT
66765,SCHIPHOL AIRPORT,AMSTERDAM CENTRAAL
66765,AMSTERDAM CENTRAAL,UTRECHT CENTRAAL
66765,UTRECHT CENTRAAL,UTRECHT CENTRAAL
66765,UTRECHT CENTRAAL,AMSTERDAM CENTRAAL
66765,AMSTERDAM CENTRAAL,SCHIPHOL AIRPORT
66765,SCHIPHOL AIRPORT,LEIDEN CENTRAAL
66765,LEIDEN CENTRAAL,DEN HAAG HS
66765,DEN HAAG HS,GOUDA
66765,GOUDA,GOUDA
66765,GOUDA,ROTTERDAM CENTRAAL
66772,WINTERSWIJK,WINTERSWIJK WEST
66772,WINTERSWIJK WEST,LICHTENVOORDE-GROENLO
66772,LICHTENVOORDE-GROENLO,RUURLO
66772,RUURLO,VORDEN
66772,VORDEN,ZUTPHEN
66772,ZUTPHEN,APELDOORN
67394,DEN HAAG CENTRAAL,DEN HAAG HS
67394,DEN HAAG HS,DELFT
67394,DELFT,ROTTERDAM CENTRAAL
67394,ROTTERDAM CENTRAAL,BREDA
67394,BREDA,TILBURG
67394,TILBURG,EINDHOVEN CENTRAAL
67395,UTRECHT CENTRAAL,HERTOGENBOSCH ('S)
67395,HERTOGENBOSCH ('S),EINDHOVEN CENTRAAL
67395,EINDHOVEN CENTRAAL,TILBURG
67395,TILBURG,BREDA
67395,BREDA,DORDRECHT
67395,DORDRECHT,ROTTERDAM CENTRAAL
67395,ROTTERDAM CENTRAAL,HERTOGENBOSCH ('S)
67395,HERTOGENBOSCH ('S),TILBURG
67399,DEN HAAG CENTRAAL,GOUDA
67399,GOUDA,UTRECHT CENTRAAL
67399,UTRECHT CENTRAAL,AMERSFOORT CENTRAAL
67400,EINDHOVEN CENTRAAL,HELMOND
67400,HELMOND,DEURNE
67400,DEURNE,HORST-SEVENUM
67400,HORST-SEVENUM,BLERICK
67400,BLERICK,VENLO
67402,UTRECHT CENTRAAL,AMSTERDAM CENTRAAL
67402,AMSTERDAM CENTRAAL,SCHIPHOL AIRPORT
67402,SCHIPHOL AIRPORT,LEIDEN CENTRAAL
67402,LEIDEN CENTRAAL,DEN HAAG HS
67402,DEN HAAG HS,DELFT
67402,DELFT,ROTTERDAM CENTRAAL
67404,AMERSFOORT CENTRAAL,NIJKERK
67404,NIJKERK,HARDERWIJK
67406,BARNEVELD ZUID,BARNEVELD CENTRUM
67406,BARNEVELD CENTRUM,BARNEVELD NOORD
67406,BARNEVELD NOORD,HOEVELAKEN
67406,HOEVELAKEN,AMERSFOORT CENTRAAL
67407,WEERT,MAARHEEZE
67407,MAARHEEZE,HEEZE
67407,HEEZE,GELDROP
67407,GELDROP,EINDHOVEN CENTRAAL
67412,EINDHOVEN CENTRAAL,EINDHOVEN STRIJP-S
67412,EINDHOVEN STRIJP-S,BEST
67412,BEST,BOXTEL
67412,BOXTEL,OISTERWIJK
67412,OISTERWIJK,TILBURG
67412,TILBURG,TILBURG UNIVERSITEIT
67415,ROOSENDAAL,ESSEN (B)
67415,ESSEN (B),WILDERT
67415,WILDERT,KALMTHOUT
67415,KALMTHOUT,KIJKUIT
67415,KIJKUIT,HEIDE (B)
67415,HEIDE (B),KAPELLEN
67415,KAPELLEN,SINT-MARIABURG
67415,SINT-MARIABURG,EKEREN
67415,EKEREN,ANTWERPEN-NOORDERDOKKEN
67415,ANTWERPEN-NOORDERDOKKEN,ANTWERPEN-LUCHTBAL
67415,ANTWERPEN-LUCHTBAL,ANTWERPEN-CENTRAAL
67415,ANTWERPEN-CENTRAAL,ANTWERPEN-BERCHEM
67415,ANTWERPEN-BERCHEM,ANTWERPEN-ZUID
67415,ANTWERPEN-ZUID,PUURS
67416,DORDRECHT,BREDA
67416,BREDA,TILBURG
67416,TILBURG,BOXTEL
67416,BOXTEL,EINDHOVEN CENTRAAL
67416,EINDHOVEN CENTRAAL,EINDHOVEN CENTRAAL
67416,EINDHOVEN CENTRAAL,TILBURG
67416,TILBURG,BREDA
67416,BREDA,DORDRECHT
67419,AMERSFOORT CENTRAAL,HOEVELAKEN
67419,HOEVELAKEN,BARNEVELD NOORD
67419,BARNEVELD NOORD,BARNEVELD CENTRUM
67419,BARNEVELD CENTRUM,BARNEVELD ZUID
67419,BARNEVELD ZUID,LUNTEREN
67419,LUNTEREN,EDE CENTRUM
67419,EDE CENTRUM,EDE-WAGENINGEN
67422,AMERSFOORT CENTRAAL,UTRECHT CENTRAAL
67424,MAASTRICHT,MEERSSEN
67424,MEERSSEN,VALKENBURG
67424,VALKENBURG,HEERLEN
67425,HENGELO,OLDENZAAL
67425,OLDENZAAL,BAD BENTHEIM
67425,BAD BENTHEIM,RHEINE
67425,RHEINE,OSNABRUCK HBF
67425,OSNABRUCK HBF,BUNDE (WESTF.)
67425,BUNDE (WESTF.),BIELEFELD HBF
67431,AMSTERDAM CENTRAAL,HILVERSUM
67431,HILVERSUM,AMERSFOORT CENTRAAL
67449,MAASTRICHT,MEERSSEN
67449,MEERSSEN,VALKENBURG
67449,VALKENBURG,HEERLEN
67449,HEERLEN,LANDGRAAF
67449,LANDGRAAF,EYGELSHOVEN MARKT
67449,EYGELSHOVEN MARKT,HERZOGENRATH
67449,HERZOGENRATH,AACHEN WEST
67449,AACHEN WEST,AACHEN HBF
67615,ARNHEM CENTRAAL,ARNHEM VELPERPOORT
67615,ARNHEM VELPERPOORT,WESTERVOORT
67615,WESTERVOORT,DUIVEN
67615,DUIVEN,ZEVENAAR
67615,ZEVENAAR,DIDAM
67615,DIDAM,WEHL
67615,WEHL,DOETINCHEM DE HUET
67615,DOETINCHEM DE HUET,DOETINCHEM
67615,DOETINCHEM,GAANDEREN
67615,GAANDEREN,TERBORG
67971,VENLO,KALDENKIRCHEN
67971,KALDENKIRCHEN,BREYELL
67971,BREYELL,BOISHEIM
67971,BOISHEIM,DULKEN
67971,DULKEN,VIERSEN
67971,VIERSEN,MONCHENGLADBACH HBF
67971,MONCHENGLADBACH HBF,NEUSS HBF
67971,NEUSS HBF,DUSSELDORF HBF
67971,DUSSELDORF HBF,WUPPERTAL-VOHWINKEL
67971,WUPPERTAL-VOHWINKEL,WUPPERTAL HBF
67971,WUPPERTAL HBF,WUPPERTAL-BARMEN
67971,WUPPERTAL-BARMEN,WUPPERTAL OBERBARMEN
67971,WUPPERTAL OBERBARMEN,SCHWELM
67971,SCHWELM,ENNEPETAL
67971,ENNEPETAL,HAGEN HBF
67971,HAGEN HBF,SCHWERTE (RUHR)
67971,SCHWERTE (RUHR),HOLZWICKEDE
67971,HOLZWICKEDE,UNNA
67971,UNNA,BOENEN
67971,BOENEN,HAMM (WESTF.)
73488,HERTOGENBOSCH ('S),ZALTBOMMEL
73488,ZALTBOMMEL,GELDERMALSEN
73488,GELDERMALSEN,CULEMBORG
73488,CULEMBORG,HOUTEN CASTELLUM
73488,HOUTEN CASTELLUM,HOUTEN
73488,HOUTEN,UTRECHT LUNETTEN
73488,UTRECHT LUNETTEN,UTRECHT VAARTSCHE RIJN
73488,UTRECHT VAARTSCHE RIJN,UTRECHT CENTRAAL
73488,UTRECHT CENTRAAL,UTRECHT LEIDSCHE RIJN
73488,UTRECHT LEIDSCHE RIJN,UTRECHT TERWIJDE
73488,UTRECHT TERWIJDE,VLEUTEN
73488,VLEUTEN,WOERDEN
73489,DEN HAAG CENTRAAL,VOORBURG
73489,VOORBURG,DEN HAAG YPENBURG
73489,DEN HAAG YPENBURG,ZOETERMEER
73489,ZOETERMEER,ZOETERMEER OOST
73489,ZOETERMEER OOST,LANSINGERLAND-ZOETERMEER
73489,LANSINGERLAND-ZOETERMEER,GOUDA
73489,GOUDA,GOUDA GOVERWELLE
73489,GOUDA GOVERWELLE,WOERDEN
73489,WOERDEN,VLEUTEN
73489,VLEUTEN,UTRECHT TERWIJDE
73489,UTRECHT TERWIJDE,UTRECHT LEIDSCHE RIJN
73489,UTRECHT LEIDSCHE RIJN,UTRECHT CENTRAAL
73489,UTRECHT CENTRAAL,UTRECHT VAARTSCHE RIJN
73489,UTRECHT VAARTSCHE RIJN,UTRECHT LUNETTEN
73489,UTRECHT LUNETTEN,HOUTEN
73489,HOUTEN,HOUTEN CASTELLUM
73489,HOUTEN CASTELLUM,CULEMBORG
73489,CULEMBORG,GELDERMALSEN
73489,GELDERMALSEN,TIEL PASSEWAAIJ
73489,TIEL PASSEWAAIJ,TIEL
73941,EINDHOVEN CENTRAAL,HELMOND BRANDEVOORT
73941,HELMOND BRANDEVOORT,HELMOND 'T HOUT
73941,HELMOND 'T HOUT,HELMOND
73941,HELMOND,HELMOND BROUWHUIS
73941,HELMOND BROUWHUIS,DEURNE
74608,AMSTERDAM CENTRAAL,HAARLEM
75061,UTRECHT CENTRAAL,HILVERSUM SPORTPARK
75061,HILVERSUM SPORTPARK,HILVERSUM
75061,HILVERSUM,HILVERSUM MEDIA PARK
75061,HILVERSUM MEDIA PARK,AMSTERDAM CENTRAAL
75062,DEN HAAG HS,ROTTERDAM CENTRAAL
75062,ROTTERDAM CENTRAAL,BREDA
75062,BREDA,NOORDERKEMPEN
75062,NOORDERKEMPEN,ANTWERPEN-CENTRAAL
75062,ANTWERPEN-CENTRAAL,ANTWERPEN-BERCHEM
75062,ANTWERPEN-BERCHEM,MECHELEN
75062,MECHELEN,BRUSSELS AIRPORT - ZAVENTEM
75062,BRUSSELS AIRPORT - ZAVENTEM,BRUSSEL-NOORD
75062,BRUSSEL-NOORD,BRUSSEL-CENTRAAL
75062,BRUSSEL-CENTRAAL,BRUSSEL-ZUID/MIDI
76117,ZWOLLE,DALFSEN
76117,DALFSEN,OMMEN
76117,OMMEN,HARDENBERG
76117,HARDENBERG,COEVORDEN
76452,AMSTERDAM CENTRAAL,HILVERSUM
76452,HILVERSUM,AMERSFOORT CENTRAAL
76452,AMERSFOORT CENTRAAL,APELDOORN
76452,APELDOORN,DEVENTER
76452,DEVENTER,ALMELO
76452,ALMELO,HENGELO
76452,HENGELO,BAD BENTHEIM
76452,BAD BENTHEIM,RHEINE
76452,RHEINE,OSNABRUCK HBF
76452,OSNABRUCK HBF,BAD OEYNHAUSEN
76452,BAD OEYNHAUSEN,MINDEN (WESTF)
76452,MINDEN (WESTF),HANNOVER HBF
76452,HANNOVER HBF,WOLFSBURG HBF
76452,WOLFSBURG HBF,STENDAL
76452,STENDAL,BERLIN-SPANDAU
76452,BERLIN-SPANDAU,BERLIN HBF
76977,GRONINGEN,BUITENPOST
76977,BUITENPOST,FEANWALDEN
76977,FEANWALDEN,LEEUWARDEN
76978,WINSCHOTEN,SCHEEMDA
76978,SCHEEMDA,GRONINGEN EUROPAPARK
76978,GRONINGEN EUROPAPARK,GRONINGEN
76980,LEEUWARDEN,MANTGUM
76980,MANTGUM,SNEEK NOORD
76980,SNEEK NOORD,SNEEK
76981,LEEUWARDEN,MANTGUM
76981,MANTGUM,SNEEK NOORD
76981,SNEEK NOORD,SNEEK
76981,SNEEK,IJLST
76981,IJLST,WORKUM
76981,WORKUM,HINDELOOPEN
76981,HINDELOOPEN,KOUDUM-MOLKWERUM
76981,KOUDUM-MOLKWERUM,STAVOREN
76982,LEEUWARDEN,DEINUM
76982,DEINUM,DRONRYP
76982,DRONRYP,FRANEKER
76982,FRANEKER,HARLINGEN
76982,HARLINGEN,HARLINGEN HAVEN
76983,LEEUWARDEN,LEEUWARDEN CAMMINGHABUREN
76983,LEEUWARDEN CAMMINGHABUREN,HURDEGARYP
76983,HURDEGARYP,FEANWALDEN
76983,FEANWALDEN,DE WESTEREEN
76983,DE WESTEREEN,BUITENPOST
76983,BUITENPOST,GRIJPSKERK
76983,GRIJPSKERK,ZUIDHORN
76983,ZUIDHORN,GRONINGEN
76984,WINSCHOTEN,SCHEEMDA
76984,SCHEEMDA,ZUIDBROEK
76984,ZUIDBROEK,HOOGEZAND-SAPPEMEER
76984,HOOGEZAND-SAPPEMEER,MARTENSHOEK
76984,MARTENSHOEK,KROPSWOLDE
76984,KROPSWOLDE,GRONINGEN EUROPAPARK
76984,GRONINGEN EUROPAPARK,GRONINGEN
76985,ROODESCHOOL,UITHUIZERMEEDEN
76985,UITHUIZERMEEDEN,UITHUIZEN
76985,UITHUIZEN,USQUERT
76985,USQUERT,WARFFUM
76985,WARFFUM,BAFLO
76985,BAFLO,WINSUM
76985,WINSUM,SAUWERD
76985,SAUWERD,GRONINGEN NOORD
76985,GRONINGEN NOORD,GRONINGEN
76986,DELFZIJL,DELFZIJL WEST
76986,DELFZIJL WEST,APPINGEDAM
76986,APPINGEDAM,LOPPERSUM
76986,LOPPERSUM,STEDUM
76986,STEDUM,BEDUM
76986,BEDUM,SAUWERD
76986,SAUWERD,GRONINGEN NOORD
76986,GRONINGEN NOORD,GRONINGEN
76987,GRONINGEN,GRONINGEN EUROPAPARK
76987,GRONINGEN EUROPAPARK,KROPSWOLDE
76987,KROPSWOLDE,MARTENSHOEK
76987,MARTENSHOEK,HOOGEZAND-SAPPEMEER
76987,HOOGEZAND-SAPPEMEER,ZUIDBROEK
76987,ZUIDBROEK,VEENDAM
76993,LEIDEN CENTRAAL,HOOFDDORP
76993,HOOFDDORP,SCHIPHOL AIRPORT
76993,SCHIPHOL AIRPORT,AMSTERDAM SLOTERDIJK
76993,AMSTERDAM SLOTERDIJK,AMSTERDAM CENTRAAL
77367,OLDENZAAL,HENGELO OOST
77367,HENGELO OOST,HENGELO
77574,HENGELO,BAD BENTHEIM
77589,AMSTERDAM CENTRAAL,SCHIPHOL AIRPORT
77589,SCHIPHOL AIRPORT,ROTTERDAM CENTRAAL
77589,ROTTERDAM CENTRAAL,BREDA
77589,BREDA,NOORDERKEMPEN
77589,NOORDERKEMPEN,ANTWERPEN-CENTRAAL
77589,ANTWERPEN-CENTRAAL,ANTWERPEN-BERCHEM
77589,ANTWERPEN-BERCHEM,MECHELEN
77589,MECHELEN,BRUSSELS AIRPORT - ZAVENTEM
77589,BRUSSELS AIRPORT - ZAVENTEM,BRUSSEL-NOORD
77589,BRUSSEL-NOORD,BRUSSEL-CENTRAAL
77589,BRUSSEL-CENTRAAL,BRUSSEL-ZUID/MIDI
77590,SCHAGEN,ANNA PAULOWNA
77590,ANNA PAULOWNA,DEN HELDER ZUID
77590,DEN HELDER ZUID,DEN HELDER
77592,AMSTERDAM CENTRAAL,HILVERSUM
77592,HILVERSUM,AMERSFOORT CENTRAAL
77592,AMERSFOORT CENTRAAL,DEVENTER
77592,DEVENTER,ALMELO
77592,ALMELO,HENGELO
77592,HENGELO,BAD BENTHEIM
77592,BAD BENTHEIM,RHEINE
77592,RHEINE,OSNABRUCK HBF
77592,OSNABRUCK HBF,BUNDE (WESTF.)
77592,BUNDE (WESTF.),MINDEN (WESTF)
77592,MINDEN (WESTF),HANNOVER HBF
77593,AMSTERDAM CENTRAAL,HILVERSUM
77593,HILVERSUM,AMERSFOORT CENTRAAL
77593,AMERSFOORT CENTRAAL,APELDOORN
77593,APELDOORN,DEVENTER
77593,DEVENTER,ALMELO
77593,ALMELO,HENGELO
77593,HENGELO,BAD BENTHEIM
77593,BAD BENTHEIM,RHEINE
77593,RHEINE,OSNABRUCK HBF
77593,OSNABRUCK HBF,BUNDE (WESTF.)
77593,BUNDE (WESTF.),BAD OEYNHAUSEN
77593,BAD OEYNHAUSEN,MINDEN (WESTF)
77593,MINDEN (WESTF),HANNOVER HBF
77593,HANNOVER HBF,WOLFSBURG HBF
77593,WOLFSBURG HBF,STENDAL
77593,STENDAL,BERLIN-SPANDAU
77593,BERLIN-SPANDAU,BERLIN HBF
77594,ENSCHEDE,ENSCHEDE DE ESCHMARKE
77594,ENSCHEDE DE ESCHMARKE,GLANERBRUG
77594,GLANERBRUG,GRONAU WESTF
77594,GRONAU WESTF,EPE (WESTF)
77594,EPE (WESTF),AHAUS
77594,AHAUS,LEGDEN
77594,LEGDEN,ROSENDAHL-HOLTWICK
77594,ROSENDAHL-HOLTWICK,COESFELD (WESTF)
77594,COESFELD (WESTF),LETTE (KR COESFELD)
77594,LETTE (KR COESFELD),DULMEN
77594,DULMEN,LUDINGHAUSEN
77594,LUDINGHAUSEN,SELM
77594,SELM,SELM-BEIFANG
77594,SELM-BEIFANG,BORK (WESTF)
77594,BORK (WESTF),LUNEN HBF
77594,LUNEN HBF,PREUSSEN
77594,PREUSSEN,DORTMUND-DERNE
77594,DORTMUND-DERNE,DORTMUND-KIRCHDERNE
77594,DORTMUND-KIRCHDERNE,DORTMUND HBF
77596,LEIDEN CENTRAAL,VOORHOUT
77596,VOORHOUT,HILLEGOM
77596,HILLEGOM,HEEMSTEDE-AERDENHOUT
77596,HEEMSTEDE-AERDENHOUT,HAARLEM
77598,UTRECHT CENTRAAL,DRIEBERGEN-ZEIST
77598,DRIEBERGEN-ZEIST,VEENENDAAL-DE KLOMP
77598,VEENENDAAL-DE KLOMP,EDE-WAGENINGEN
77598,EDE-WAGENINGEN,ARNHEM CENTRAAL
77598,ARNHEM CENTRAAL,ELST
77598,ELST,NIJMEGEN
77599,SCHIPHOL AIRPORT,AMSTERDAM BIJLMER ARENA
77602,AMSTERDAM CENTRAAL,UTRECHT CENTRAAL
77602,UTRECHT CENTRAAL,HERTOGENBOSCH ('S)
77602,HERTOGENBOSCH ('S),MONCHENGLADBACH HBF
77602,MONCHENGLADBACH HBF,KOLN HBF
77602,KOLN HBF,FRANKFURT FLUGHAFEN FERNB
77602,FRANKFURT FLUGHAFEN FERNB,FRANKFURT (M) HBF
77604,AMSTERDAM CENTRAAL,UTRECHT CENTRAAL
77604,UTRECHT CENTRAAL,HERTOGENBOSCH ('S)
77604,HERTOGENBOSCH ('S),MONCHENGLADBACH HBF
77604,MONCHENGLADBACH HBF,FRANKFURT FLUGHAFEN FERNB
77604,FRANKFURT FLUGHAFEN FERNB,FRANKFURT (M) HBF
77605,TIEL,KESTEREN
77605,KESTEREN,OPHEUSDEN
77605,OPHEUSDEN,HEMMEN-DODEWAARD
77605,HEMMEN-DODEWAARD,ZETTEN-ANDELST
77605,ZETTEN-ANDELST,ELST
77606,ENSCHEDE,ENSCHEDE KENNISPARK
77606,ENSCHEDE KENNISPARK,HENGELO
77606,HENGELO,BORNE
77606,BORNE,ALMELO DE RIET
77606,ALMELO DE RIET,ALMELO
77606,ALMELO,WIERDEN
77606,WIERDEN,RIJSSEN
77606,RIJSSEN,HOLTEN
77606,HOLTEN,DEVENTER COLMSCHATE
77606,DEVENTER COLMSCHATE,DEVENTER
77606,DEVENTER,TWELLO
77606,TWELLO,APELDOORN OSSEVELD
77606,APELDOORN OSSEVELD,APELDOORN
77607,HILVERSUM,HILVERSUM SPORTPARK
77607,HILVERSUM SPORTPARK,HOLLANDSCHE RADING
77607,HOLLANDSCHE RADING,UTRECHT OVERVECHT
77607,UTRECHT OVERVECHT,UTRECHT CENTRAAL
77608,HOOFDDORP,SCHIPHOL AIRPORT
77608,SCHIPHOL AIRPORT,AMSTERDAM LELYLAAN
77608,AMSTERDAM LELYLAAN,AMSTERDAM SLOTERDIJK
77608,AMSTERDAM SLOTERDIJK,ZAANDAM
77608,ZAANDAM,ZAANDAM KOGERVELD
77608,ZAANDAM KOGERVELD,PURMEREND WEIDEVENNE
77608,PURMEREND WEIDEVENNE,PURMEREND
77608,PURMEREND,PURMEREND OVERWHERE
77608,PURMEREND OVERWHERE,HOORN
77608,HOORN,HOORN KERSENBOOGERD
77609,NIJMEGEN,NIJMEGEN LENT
77609,NIJMEGEN LENT,ELST
77609,ELST,ARNHEM ZUID
77609,ARNHEM ZUID,ARNHEM CENTRAAL
77609,ARNHEM CENTRAAL,ARNHEM VELPERPOORT
77609,ARNHEM VELPERPOORT,ARNHEM PRESIKHAAF
77609,ARNHEM PRESIKHAAF,VELP
77609,VELP,RHEDEN
77609,RHEDEN,DIEREN
77609,DIEREN,BRUMMEN
77609,BRUMMEN,ZUTPHEN
77610,AMERSFOORT CENTRAAL,BAARN
77610,BAARN,HILVERSUM
77610,HILVERSUM,HILVERSUM MEDIA PARK
77610,HILVERSUM MEDIA PARK,BUSSUM ZUID
77610,BUSSUM ZUID,NAARDEN-BUSSUM
77610,NAARDEN-BUSSUM,WEESP
77610,WEESP,DIEMEN
77610,DIEMEN,AMSTERDAM SCIENCE PARK
77610,AMSTERDAM SCIENCE PARK,AMSTERDAM MUIDERPOORT
77610,AMSTERDAM MUIDERPOORT,AMSTERDAM CENTRAAL
77611,SITTARD,HEERLEN
77612,BERGEN OP ZOOM,ROOSENDAAL
77613,VLISSINGEN,MIDDELBURG
77613,MIDDELBURG,GOES
77613,GOES,BERGEN OP ZOOM
77613,BERGEN OP ZOOM,ROOSENDAAL
77614,SCHAGEN,HEERHUGOWAARD
77614,HEERHUGOWAARD,ALKMAAR NOORD
77614,ALKMAAR NOORD,ALKMAAR
77614,ALKMAAR,CASTRICUM
77614,CASTRICUM,ZAANDAM
77614,ZAANDAM,AMSTERDAM SLOTERDIJK
77614,AMSTERDAM SLOTERDIJK,AMSTERDAM CENTRAAL
77614,AMSTERDAM CENTRAAL,AMSTERDAM AMSTEL
77614,AMSTERDAM AMSTEL,UTRECHT CENTRAAL
77614,UTRECHT CENTRAAL,HERTOGENBOSCH ('S)
77614,HERTOGENBOSCH ('S),EINDHOVEN CENTRAAL
77614,EINDHOVEN CENTRAAL,WEERT
77614,WEERT,ROERMOND
77614,ROERMOND,SITTARD
77614,SITTARD,MAASTRICHT
77615,VEENENDAAL CENTRUM,VEENENDAAL WEST
77615,VEENENDAAL WEST,MAARN
77615,MAARN,DRIEBERGEN-ZEIST
77615,DRIEBERGEN-ZEIST,BUNNIK
77615,BUNNIK,UTRECHT VAARTSCHE RIJN
77615,UTRECHT VAARTSCHE RIJN,UTRECHT CENTRAAL
77615,UTRECHT CENTRAAL,UTRECHT ZUILEN
77615,UTRECHT ZUILEN,MAARSSEN
77615,MAARSSEN,BREUKELEN
77616,SCHIPHOL AIRPORT,AMSTERDAM ZUID
77616,AMSTERDAM ZUID,AMSTERDAM BIJLMER ARENA
77616,AMSTERDAM BIJLMER ARENA,UTRECHT CENTRAAL
77617,DORDRECHT,DORDRECHT ZUID
77617,DORDRECHT ZUID,LAGE ZWALUWE
77617,LAGE ZWALUWE,BREDA-PRINSENBEEK
77617,BREDA-PRINSENBEEK,BREDA
77617,BREDA,GILZE-RIJEN
77617,GILZE-RIJEN,TILBURG REESHOF
77617,TILBURG REESHOF,TILBURG UNIVERSITEIT
77617,TILBURG UNIVERSITEIT,TILBURG
77617,TILBURG,HERTOGENBOSCH ('S)
77617,HERTOGENBOSCH ('S),HERTOGENB ('S) OOST
77617,HERTOGENB ('S) OOST,ROSMALEN
77617,ROSMALEN,OSS WEST
77617,OSS WEST,OSS
77617,OSS,RAVENSTEIN
77617,RAVENSTEIN,WIJCHEN
77617,WIJCHEN,NIJMEGEN DUKENBURG
77617,NIJMEGEN DUKENBURG,NIJMEGEN GOFFERT
77617,NIJMEGEN GOFFERT,NIJMEGEN
77618,HERTOGENBOSCH ('S),HERTOGENB ('S) OOST
77618,HERTOGENB ('S) OOST,ROSMALEN
77618,ROSMALEN,OSS WEST
77618,OSS WEST,OSS
77618,OSS,RAVENSTEIN
77618,RAVENSTEIN,WIJCHEN
77618,WIJCHEN,NIJMEGEN DUKENBURG
77618,NIJMEGEN DUKENBURG,NIJMEGEN GOFFERT
77618,NIJMEGEN GOFFERT,NIJMEGEN
77619,EINDHOVEN CENTRAAL,EINDHOVEN STRIJP-S
77619,EINDHOVEN STRIJP-S,BEST
77619,BEST,BOXTEL
77619,BOXTEL,VUGHT
77619,VUGHT,HERTOGENBOSCH ('S)
77620,DEN HAAG HS,GOUDA
77620,GOUDA,GOUDA
77620,GOUDA,ROTTERDAM CENTRAAL
77621,ZUTPHEN,APELDOORN
77622,DEN HAAG CENTRAAL,GOUDA
77622,GOUDA,UTRECHT CENTRAAL
77622,UTRECHT CENTRAAL,AMERSFOORT CENTRAAL
77622,AMERSFOORT CENTRAAL,APELDOORN
77622,APELDOORN,DEVENTER
77623,DEN HAAG CENTRAAL,GOUDA
77623,GOUDA,UTRECHT CENTRAAL
77624,UTRECHT CENTRAAL,AMSTERDAM BIJLMER ARENA
77624,AMSTERDAM BIJLMER ARENA,AMSTERDAM CENTRAAL
77624,AMSTERDAM CENTRAAL,LEIDEN CENTRAAL
77624,LEIDEN CENTRAAL,DEN HAAG HS
77624,DEN HAAG HS,DELFT
77624,DELFT,ROTTERDAM CENTRAAL
77625,UTRECHT CENTRAAL,AMSTERDAM BIJLMER ARENA
77625,AMSTERDAM BIJLMER ARENA,AMSTERDAM CENTRAAL
77625,AMSTERDAM CENTRAAL,SCHIPHOL AIRPORT
77625,SCHIPHOL AIRPORT,LEIDEN CENTRAAL
77625,LEIDEN CENTRAAL,DEN HAAG HS
77625,DEN HAAG HS,DELFT
77625,DELFT,ROTTERDAM CENTRAAL
77626,AMSTERDAM CENTRAAL,AMSTERDAM BIJLMER ARENA
77626,AMSTERDAM BIJLMER ARENA,UTRECHT CENTRAAL
77627,ROOSENDAAL,ESSEN (B)
77627,ESSEN (B),WILDERT
77627,WILDERT,KALMTHOUT
77627,KALMTHOUT,KIJKUIT
77627,KIJKUIT,HEIDE (B)
77627,HEIDE (B),KAPELLEN
77627,KAPELLEN,SINT-MARIABURG
77627,SINT-MARIABURG,EKEREN
77627,EKEREN,ANTWERPEN-NOORDERDOKKEN
77627,ANTWERPEN-NOORDERDOKKEN,ANTWERPEN-LUCHTBAL
77627,ANTWERPEN-LUCHTBAL,ANTWERPEN-CENTRAAL
77628,AMSTERDAM CENTRAAL,HILVERSUM
77628,HILVERSUM,AMERSFOORT CENTRAAL
77628,AMERSFOORT CENTRAAL,APELDOORN
77628,APELDOORN,DEVENTER
77629,VENLO,KALDENKIRCHEN
77629,KALDENKIRCHEN,BREYELL
77629,BREYELL,BOISHEIM
77629,BOISHEIM,DULKEN
77629,DULKEN,VIERSEN
77629,VIERSEN,MONCHENGLADBACH HBF
77629,MONCHENGLADBACH HBF,NEUSS HBF
77629,NEUSS HBF,DUSSELDORF HBF
77630,HERTOGENBOSCH ('S),ZALTBOMMEL
77630,ZALTBOMMEL,GELDERMALSEN
77630,GELDERMALSEN,CULEMBORG
77630,CULEMBORG,HOUTEN CASTELLUM
77630,HOUTEN CASTELLUM,HOUTEN
77630,HOUTEN,UTRECHT LUNETTEN
77630,UTRECHT LUNETTEN,UTRECHT VAARTSCHE RIJN
77630,UTRECHT VAARTSCHE RIJN,UTRECHT CENTRAAL
77631,AMSTERDAM CENTRAAL,SCHIPHOL AIRPORT
77631,SCHIPHOL AIRPORT,DEN HAAG HS
77631,DEN HAAG HS,ROTTERDAM CENTRAAL
77631,ROTTERDAM CENTRAAL,BREDA
77631,BREDA,NOORDERKEMPEN
77631,NOORDERKEMPEN,ANTWERPEN-CENTRAAL
77631,ANTWERPEN-CENTRAAL,ANTWERPEN-BERCHEM
77631,ANTWERPEN-BERCHEM,MECHELEN
77631,MECHELEN,BRUSSELS AIRPORT - ZAVENTEM
77631,BRUSSELS AIRPORT - ZAVENTEM,BRUSSEL-NOORD
77631,BRUSSEL-NOORD,BRUSSEL-CENTRAAL
77631,BRUSSEL-CENTRAAL,BRUSSEL-ZUID/MIDI
77633,AMSTERDAM CENTRAAL,UTRECHT CENTRAAL
77633,UTRECHT CENTRAAL,ARNHEM CENTRAAL
77633,ARNHEM CENTRAAL,DUSSELDORF HBF
77633,DUSSELDORF HBF,KOLN HBF
77633,KOLN HBF,BONN HBF
77633,BONN HBF,KOBLENZ HBF
77633,KOBLENZ HBF,MAINZ HBF
77633,MAINZ HBF,FRANKFURT FLUGHAFEN FERNB
77633,FRANKFURT FLUGHAFEN FERNB,WURZBURG HBF
77633,WURZBURG HBF,NURNBERG HBF
77633,NURNBERG HBF,AUGSBURG HBF
77633,AUGSBURG HBF,MUNCHEN HBF
77633,MUNCHEN HBF,KUFSTEIN
77633,KUFSTEIN,WORGL
77633,WORGL,JENBACH
77633,JENBACH,INNSBRUCK HBF
77634,AMSTERDAM CENTRAAL,UTRECHT CENTRAAL
77634,UTRECHT CENTRAAL,ARNHEM CENTRAAL
77634,ARNHEM CENTRAAL,DUSSELDORF HBF
77634,DUSSELDORF HBF,KOLN HBF
77634,KOLN HBF,BONN HBF
77634,BONN HBF,KOBLENZ HBF
77634,KOBLENZ HBF,MAINZ HBF
77634,MAINZ HBF,FRANKFURT FLUGHAFEN FERNB
77634,FRANKFURT FLUGHAFEN FERNB,WURZBURG HBF
77634,WURZBURG HBF,NURNBERG HBF
77637,EMMEN,EMMEN ZUID
77637,EMMEN ZUID,COEVORDEN
77637,COEVORDEN,HARDENBERG
77637,HARDENBERG,OMMEN
77637,OMMEN,DALFSEN
77637,DALFSEN,ZWOLLE
77638,AMSTERDAM CENTRAAL,HILVERSUM
77638,HILVERSUM,AMERSFOORT CENTRAAL
77638,AMERSFOORT CENTRAAL,APELDOORN
77638,APELDOORN,DEVENTER
77638,DEVENTER,ALMELO
77638,ALMELO,HENGELO
77638,HENGELO,BAD BENTHEIM
77638,BAD BENTHEIM,RHEINE
77638,RHEINE,OSNABRUCK HBF
77638,OSNABRUCK HBF,BUNDE (WESTF.)
77638,BUNDE (WESTF.),MINDEN (WESTF)
77638,MINDEN (WESTF),HANNOVER HBF
77638,HANNOVER HBF,WOLFSBURG HBF
77638,WOLFSBURG HBF,STENDAL
77638,STENDAL,BERLIN-SPANDAU
77638,BERLIN-SPANDAU,BERLIN HBF
77639,LEEUWARDEN,FEANWALDEN
77639,FEANWALDEN,ZUIDHORN
77639,ZUIDHORN,GRONINGEN
77640,LEEUWARDEN,SNEEK NOORD
77640,SNEEK NOORD,SNEEK
77641,BAD NIEUWESCHANS,WINSCHOTEN
77641,WINSCHOTEN,SCHEEMDA
77641,SCHEEMDA,ZUIDBROEK
77641,ZUIDBROEK,HOOGEZAND-SAPPEMEER
77641,HOOGEZAND-SAPPEMEER,MARTENSHOEK
77641,MARTENSHOEK,KROPSWOLDE
77641,KROPSWOLDE,GRONINGEN EUROPAPARK
77641,GRONINGEN EUROPAPARK,GRONINGEN
77642,BREDA,NOORDERKEMPEN
77642,NOORDERKEMPEN,ANTWERPEN-CENTRAAL
77642,ANTWERPEN-CENTRAAL,ANTWERPEN-BERCHEM
77642,ANTWERPEN-BERCHEM,MECHELEN
77642,MECHELEN,BRUSSELS AIRPORT - ZAVENTEM
77642,BRUSSELS AIRPORT - ZAVENTEM,BRUSSEL-NOORD
77642,BRUSSEL-NOORD,BRUSSEL-CENTRAAL
77642,BRUSSEL-CENTRAAL,BRUSSEL-ZUID/MIDI
