route_id,stop_name_1,stop_name_2
17522,AMSTERDAM CENTRAAL,SCHIPHOL AIRPORT
17522,SCHIPHOL AIRPORT,ROTTERDAM CENTRAAL
17562,UTRECHT CENTRAAL,GOUDA
17562,GOUDA,ROTTERDAM ALEXANDER
17562,ROTTERDAM ALEXANDER,ROTTERDAM CENTRAAL
17573,UTRECHT CENTRAAL,WOERDEN
17573,WOERDEN,BODEGRAVEN
17573,BODEGRAVEN,ALPHEN A/D RIJN
17573,ALPHEN A/D RIJN,LEIDEN LAMMENSCHANS
17573,LEIDEN LAMMENSCHANS,LEIDEN CENTRAAL
17599,HOOFDDORP,SCHIPHOL AIRPORT
17599,SCHIPHOL AIRPORT,AMSTERDAM ZUID
17599,AMSTERDAM ZUID,AMSTERDAM RAI
17599,AMSTERDAM RAI,DUIVENDRECHT
17599,DUIVENDRECHT,DIEMEN ZUID
17599,DIEMEN ZUID,WEESP
17599,WEESP,ALMERE POORT
17599,ALMERE POORT,ALMERE MUZIEKWIJK
17599,ALMERE MUZIEKWIJK,ALMERE CENTRUM
17599,ALMERE CENTRUM,ALMERE PARKWIJK
17599,ALMERE PARKWIJK,ALMERE BUITEN
17599,ALMERE BUITEN,ALMERE OOSTVAARDERS
17601,DEN HAAG CENTRAAL,GOUDA
17601,GOUDA,UTRECHT CENTRAAL
17601,UTRECHT CENTRAAL,AMERSFOORT CENTRAAL
17601,AMERSFOORT CENTRAAL,AMERSFOORT SCHOTHORST
17614,GRONINGEN,ASSEN
17614,ASSEN,ZWOLLE
17614,ZWOLLE,AMERSFOORT CENTRAAL
17614,AMERSFOORT CENTRAAL,UTRECHT CENTRAAL
17614,UTRECHT CENTRAAL,GOUDA
17614,GOUDA,ROTTERDAM ALEXANDER
17614,ROTTERDAM ALEXANDER,ROTTERDAM CENTRAAL
17615,AMSTERDAM CENTRAAL,SCHIPHOL AIRPORT
17615,SCHIPHOL AIRPORT,ROTTERDAM CENTRAAL
17615,ROTTERDAM CENTRAAL,BREDA
17620,LEEUWARDEN,GROU-JIRNSUM
17620,GROU-JIRNSUM,AKKRUM
17620,AKKRUM,HEERENVEEN
17620,HEERENVEEN,WOLVEGA
17620,WOLVEGA,STEENWIJK
17620,STEENWIJK,MEPPEL
17627,BAARN,SOESTDIJK
17627,SOESTDIJK,SOEST
17627,SOEST,SOEST ZUID
17627,SOEST ZUID,DEN DOLDER
17627,DEN DOLDER,BILTHOVEN
17627,BILTHOVEN,UTRECHT OVERVECHT
17627,UTRECHT OVERVECHT,UTRECHT CENTRAAL
17641,ZWOLLE,WEZEP
17641,WEZEP,HARDE ('T)
17641,HARDE ('T),NUNSPEET
17641,NUNSPEET,HARDERWIJK
17641,HARDERWIJK,ERMELO
17641,ERMELO,PUTTEN
17641,PUTTEN,NIJKERK
17641,NIJKERK,AMERSFOORT VATHORST
17641,AMERSFOORT VATHORST,AMERSFOORT SCHOTHORST
17641,AMERSFOORT SCHOTHORST,AMERSFOORT CENTRAAL
17641,AMERSFOORT CENTRAAL,DEN DOLDER
17641,DEN DOLDER,BILTHOVEN
17641,BILTHOVEN,UTRECHT OVERVECHT
17641,UTRECHT OVERVECHT,UTRECHT CENTRAAL
17651,UTRECHT CENTRAAL,UTRECHT LEIDSCHE RIJN
17651,UTRECHT LEIDSCHE RIJN,UTRECHT TERWIJDE
17651,UTRECHT TERWIJDE,VLEUTEN
17651,VLEUTEN,WOERDEN
17651,WOERDEN,GOUDA GOVERWELLE
17651,GOUDA GOVERWELLE,GOUDA
17651,GOUDA,NIEUWERKERK AD IJSSEL
17651,NIEUWERKERK AD IJSSEL,CAPELLE SCHOLLEVAAR
17651,CAPELLE SCHOLLEVAAR,ROTTERDAM ALEXANDER
17651,ROTTERDAM ALEXANDER,ROTTERDAM NOORD
17651,ROTTERDAM NOORD,ROTTERDAM CENTRAAL
17658,ZWOLLE,WIJHE
17658,WIJHE,OLST
17658,OLST,DEVENTER
17658,DEVENTER,ZUTPHEN
17658,ZUTPHEN,DIEREN
17658,DIEREN,ARNHEM CENTRAAL
17658,ARNHEM CENTRAAL,NIJMEGEN
17658,NIJMEGEN,OSS
17658,OSS,HERTOGENBOSCH ('S)
17658,HERTOGENBOSCH ('S),TILBURG
17658,TILBURG,BREDA
17658,BREDA,ETTEN-LEUR
17658,ETTEN-LEUR,ROOSENDAAL
17661,AMSTERDAM CENTRAAL,AMSTERDAM SLOTERDIJK
17661,AMSTERDAM SLOTERDIJK,HAARLEM
17661,HAARLEM,HEEMSTEDE-AERDENHOUT
17661,HEEMSTEDE-AERDENHOUT,LEIDEN CENTRAAL
17661,LEIDEN CENTRAAL,DEN HAAG CENTRAAL
17705,DEN HAAG CENTRAAL,GOUDA
17705,GOUDA,UTRECHT CENTRAAL
17705,UTRECHT CENTRAAL,AMERSFOORT CENTRAAL
17705,AMERSFOORT CENTRAAL,APELDOORN
17705,APELDOORN,DEVENTER
17705,DEVENTER,ALMELO
17705,ALMELO,HENGELO
17705,HENGELO,ENSCHEDE
17725,AMSTERDAM CENTRAAL,HILVERSUM
17725,HILVERSUM,AMERSFOORT CENTRAAL
17725,AMERSFOORT CENTRAAL,APELDOORN
17725,APELDOORN,DEVENTER
17725,DEVENTER,ALMELO
17725,ALMELO,HENGELO
17725,HENGELO,BAD BENTHEIM
17725,BAD BENTHEIM,RHEINE
17725,RHEINE,OSNABRUCK HBF
17725,OSNABRUCK HBF,BAD OEYNHAUSEN
17725,BAD OEYNHAUSEN,MINDEN (WESTF)
17725,MINDEN (WESTF),HANNOVER HBF
17748,ROTTERDAM CENTRAAL,ROTTERDAM NOORD
17748,ROTTERDAM NOORD,ROTTERDAM ALEXANDER
17748,ROTTERDAM ALEXANDER,CAPELLE SCHOLLEVAAR
17748,CAPELLE SCHOLLEVAAR,NIEUWERKERK AD IJSSEL
17748,NIEUWERKERK AD IJSSEL,GOUDA
17748,GOUDA,GOUDA GOVERWELLE
17748,GOUDA GOVERWELLE,WOERDEN
17748,WOERDEN,BREUKELEN
17748,BREUKELEN,ABCOUDE
17748,ABCOUDE,AMSTERDAM HOLENDRECHT
17748,AMSTERDAM HOLENDRECHT,AMSTERDAM BIJLMER ARENA
17748,AMSTERDAM BIJLMER ARENA,DUIVENDRECHT
17748,DUIVENDRECHT,AMSTERDAM AMSTEL
17748,AMSTERDAM AMSTEL,AMSTERDAM MUIDERPOORT
17748,AMSTERDAM MUIDERPOORT,AMSTERDAM CENTRAAL
17748,AMSTERDAM CENTRAAL,AMSTERDAM SLOTERDIJK
17748,AMSTERDAM SLOTERDIJK,ZAANDAM
17748,ZAANDAM,KOOG AAN DE ZAAN
17748,KOOG AAN DE ZAAN,ZAANDIJK ZAANSE SCHANS
17748,ZAANDIJK ZAANSE SCHANS,WORMERVEER
17748,WORMERVEER,KROMMENIE-ASSENDELFT
17748,KROMMENIE-ASSENDELFT,UITGEEST
17752,ZUTPHEN,VORDEN
17752,VORDEN,RUURLO
17752,RUURLO,LICHTENVOORDE-GROENLO
17752,LICHTENVOORDE-GROENLO,WINTERSWIJK WEST
17752,WINTERSWIJK WEST,WINTERSWIJK
17760,ENSCHEDE,ENSCHEDE DE ESCHMARKE
17760,ENSCHEDE DE ESCHMARKE,GLANERBRUG
17760,GLANERBRUG,GRONAU WESTF
17760,GRONAU WESTF,OCHTRUP
17760,OCHTRUP,METELEN LAND
17760,METELEN LAND,STEINFURT-BURGSTEINFURT
17760,STEINFURT-BURGSTEINFURT,STEINFURT-GROTTENKAMP
17760,STEINFURT-GROTTENKAMP,STEINFURT-BORGHORST
17760,STEINFURT-BORGHORST,NORDWALDE
17760,NORDWALDE,ALTENBERGE
17760,ALTENBERGE,MUNSTER-HAGER
17760,MUNSTER-HAGER,MUNSTER (W) ZENTRUM NORD
17760,MUNSTER (W) ZENTRUM NORD,MUNSTER (WESTF) HBF
17773,APELDOORN,APELDOORN DE MATEN
17773,APELDOORN DE MATEN,KLARENBEEK
17773,KLARENBEEK,VOORST-EMPE
17773,VOORST-EMPE,ZUTPHEN
17782,GRONINGEN,ASSEN
17782,ASSEN,ZWOLLE
17782,ZWOLLE,LELYSTAD CENTRUM
17782,LELYSTAD CENTRUM,ALMERE CENTRUM
17782,ALMERE CENTRUM,AMSTERDAM ZUID
17782,AMSTERDAM ZUID,SCHIPHOL AIRPORT
17782,SCHIPHOL AIRPORT,LEIDEN CENTRAAL
17782,LEIDEN CENTRAAL,DEN HAAG CENTRAAL
17792,DEN HELDER,DEN HELDER ZUID
17792,DEN HELDER ZUID,ANNA PAULOWNA
17792,ANNA PAULOWNA,SCHAGEN
17792,SCHAGEN,HEERHUGOWAARD
17792,HEERHUGOWAARD,ALKMAAR NOORD
17792,ALKMAAR NOORD,ALKMAAR
17792,ALKMAAR,HEILOO
17792,HEILOO,CASTRICUM
17792,CASTRICUM,ZAANDAM
17792,ZAANDAM,AMSTERDAM SLOTERDIJK
17792,AMSTERDAM SLOTERDIJK,AMSTERDAM CENTRAAL
17792,AMSTERDAM CENTRAAL,AMSTERDAM AMSTEL
17792,AMSTERDAM AMSTEL,UTRECHT CENTRAAL
17792,UTRECHT CENTRAAL,VEENENDAAL-DE KLOMP
17792,VEENENDAAL-DE KLOMP,EDE-WAGENINGEN
17792,EDE-WAGENINGEN,ARNHEM CENTRAAL
17792,ARNHEM CENTRAAL,NIJMEGEN
17795,PARIS-NORD,BRUSSEL-ZUID/MIDI
17795,BRUSSEL-ZUID/MIDI,ANTWERPEN-CENTRAAL
17795,ANTWERPEN-CENTRAAL,ROTTERDAM CENTRAAL
17795,ROTTERDAM CENTRAAL,SCHIPHOL AIRPORT
17795,SCHIPHOL AIRPORT,AMSTERDAM CENTRAAL
17803,AMSTERDAM CENTRAAL,AMSTERDAM SLOTERDIJK
17803,AMSTERDAM SLOTERDIJK,HALFWEG-ZWANENBURG
17803,HALFWEG-ZWANENBURG,HAARLEM SPAARNWOUDE
17803,HAARLEM SPAARNWOUDE,HAARLEM
17803,HAARLEM,OVERVEEN
17803,OVERVEEN,ZANDVOORT AAN ZEE
17828,HAARLEM,HEEMSTEDE-AERDENHOUT
17828,HEEMSTEDE-AERDENHOUT,HILLEGOM
17828,HILLEGOM,VOORHOUT
17828,VOORHOUT,LEIDEN CENTRAAL
17828,LEIDEN CENTRAAL,DE VINK
17828,DE VINK,VOORSCHOTEN
17828,VOORSCHOTEN,DEN HAAG MARIAHOEVE
17828,DEN HAAG MARIAHOEVE,DEN HAAG LAAN V NOI
17828,DEN HAAG LAAN V NOI,DEN HAAG CENTRAAL
18646,HASSELT,LIEGE-SAINT-LAMBERT
18646,LIEGE-SAINT-LAMBERT,LIEGE-CARRE
18646,LIEGE-CARRE,LIEGE-GUILLEMINS
18646,LIEGE-GUILLEMINS,BRESSOUX
18646,BRESSOUX,VISE
18646,VISE,EIJSDEN
18646,EIJSDEN,MAASTRICHT RANDWYCK
18646,MAASTRICHT RANDWYCK,MAASTRICHT
18752,NIJMEGEN,ELST
18752,ELST,ARNHEM CENTRAAL
18752,ARNHEM CENTRAAL,EDE-WAGENINGEN
18752,EDE-WAGENINGEN,UTRECHT CENTRAAL
20895,LEIDEN CENTRAAL,SCHIPHOL AIRPORT
20895,SCHIPHOL AIRPORT,AMSTERDAM BIJLMER ARENA
31675,SCHIPHOL AIRPORT,AMSTERDAM ZUID
31675,AMSTERDAM ZUID,DUIVENDRECHT
31675,DUIVENDRECHT,HILVERSUM
31675,HILVERSUM,AMERSFOORT CENTRAAL
31675,AMERSFOORT CENTRAAL,AMERSFOORT SCHOTHORST
31677,NIJMEGEN,ARNHEM CENTRAAL
31677,ARNHEM CENTRAAL,EDE-WAGENINGEN
31677,EDE-WAGENINGEN,DRIEBERGEN-ZEIST
31677,DRIEBERGEN-ZEIST,UTRECHT CENTRAAL
31677,UTRECHT CENTRAAL,AMSTERDAM BIJLMER ARENA
31677,AMSTERDAM BIJLMER ARENA,AMSTERDAM ZUID
31677,AMSTERDAM ZUID,SCHIPHOL AIRPORT
31682,ENSCHEDE,HENGELO
31682,HENGELO,ALMELO
31682,ALMELO,DEVENTER
31682,DEVENTER,APELDOORN
31682,APELDOORN,AMERSFOORT CENTRAAL
31682,AMERSFOORT CENTRAAL,HILVERSUM
31682,HILVERSUM,DUIVENDRECHT
31682,DUIVENDRECHT,AMSTERDAM ZUID
31682,AMSTERDAM ZUID,SCHIPHOL AIRPORT
31704,HAARLEM,BEVERWIJK
31704,BEVERWIJK,CASTRICUM
31704,CASTRICUM,HEILOO
31704,HEILOO,ALKMAAR
34238,AMSTERDAM CENTRAAL,UTRECHT CENTRAAL
34238,UTRECHT CENTRAAL,ARNHEM CENTRAAL
34238,ARNHEM CENTRAAL,OBERHAUSEN HBF
34238,OBERHAUSEN HBF,DUISBURG HBF
34238,DUISBURG HBF,DUSSELDORF HBF
34238,DUSSELDORF HBF,KOLN MESSE/DEUTZ
34238,KOLN MESSE/DEUTZ,FRANKFURT FLUGHAFEN FERNB
34238,FRANKFURT FLUGHAFEN FERNB,FRANKFURT (M) HBF
34264,BASEL SBB,BASEL BAD BF
34264,BASEL BAD BF,FREIBURG (BREISGAU) HBF
34264,FREIBURG (BREISGAU) HBF,OFFENBURG
34264,OFFENBURG,KARLSRUHE HBF
34264,KARLSRUHE HBF,MANNHEIM HBF
34264,MANNHEIM HBF,FRANKFURT FLUGHAFEN FERNB
34264,FRANKFURT FLUGHAFEN FERNB,SIEGBURG
34264,SIEGBURG,KOLN HBF
34264,KOLN HBF,DUSSELDORF HBF
34264,DUSSELDORF HBF,DUISBURG HBF
34264,DUISBURG HBF,OBERHAUSEN HBF
34264,OBERHAUSEN HBF,ARNHEM CENTRAAL
34264,ARNHEM CENTRAAL,UTRECHT CENTRAAL
34264,UTRECHT CENTRAAL,AMSTERDAM CENTRAAL
37218,WINTERSWIJK,AALTEN
37218,AALTEN,VARSSEVELD
37218,VARSSEVELD,TERBORG
37218,TERBORG,GAANDEREN
37218,GAANDEREN,DOETINCHEM
37218,DOETINCHEM,DOETINCHEM DE HUET
37218,DOETINCHEM DE HUET,WEHL
37218,WEHL,DIDAM
37218,DIDAM,ZEVENAAR
37218,ZEVENAAR,DUIVEN
37218,DUIVEN,WESTERVOORT
37218,WESTERVOORT,ARNHEM VELPERPOORT
37218,ARNHEM VELPERPOORT,ARNHEM CENTRAAL
37247,DOETINCHEM,DOETINCHEM DE HUET
37247,DOETINCHEM DE HUET,WEHL
37247,WEHL,DIDAM
37247,DIDAM,ZEVENAAR
37247,ZEVENAAR,DUIVEN
37247,DUIVEN,WESTERVOORT
37247,WESTERVOORT,ARNHEM VELPERPOORT
37247,ARNHEM VELPERPOORT,ARNHEM CENTRAAL
37294,EDE-WAGENINGEN,WOLFHEZE
37294,WOLFHEZE,OOSTERBEEK
37294,OOSTERBEEK,ARNHEM CENTRAAL
37307,ARNHEM CENTRAAL,ELST
37307,ELST,ZETTEN-ANDELST
37307,ZETTEN-ANDELST,HEMMEN-DODEWAARD
37307,HEMMEN-DODEWAARD,OPHEUSDEN
37307,OPHEUSDEN,KESTEREN
37307,KESTEREN,TIEL
41200,GOUDA GOVERWELLE,GOUDA
41200,GOUDA,NIEUWERKERK AD IJSSEL
41200,NIEUWERKERK AD IJSSEL,CAPELLE SCHOLLEVAAR
41200,CAPELLE SCHOLLEVAAR,ROTTERDAM ALEXANDER
41200,ROTTERDAM ALEXANDER,ROTTERDAM NOORD
41200,ROTTERDAM NOORD,ROTTERDAM CENTRAAL
41201,ALPHEN A/D RIJN,LEIDEN LAMMENSCHANS
41201,LEIDEN LAMMENSCHANS,LEIDEN CENTRAAL
41202,VLISSINGEN,VLISSINGEN SOUBURG
41202,VLISSINGEN SOUBURG,MIDDELBURG
41202,MIDDELBURG,ARNEMUIDEN
41202,ARNEMUIDEN,GOES
41202,GOES,KAPELLE-BIEZELINGE
41202,KAPELLE-BIEZELINGE,KRUININGEN-YERSEKE
41202,KRUININGEN-YERSEKE,KRABBENDIJKE
41202,KRABBENDIJKE,RILLAND-BATH
41202,RILLAND-BATH,BERGEN OP ZOOM
41202,BERGEN OP ZOOM,ROOSENDAAL
41202,ROOSENDAAL,DORDRECHT
41202,DORDRECHT,ROTTERDAM BLAAK
41202,ROTTERDAM BLAAK,ROTTERDAM CENTRAAL
41202,ROTTERDAM CENTRAAL,SCHIEDAM CENTRUM
41202,SCHIEDAM CENTRUM,DELFT
41202,DELFT,DEN HAAG HS
41202,DEN HAAG HS,DEN HAAG LAAN V NOI
41202,DEN HAAG LAAN V NOI,LEIDEN CENTRAAL
41202,LEIDEN CENTRAAL,HEEMSTEDE-AERDENHOUT
41202,HEEMSTEDE-AERDENHOUT,HAARLEM
41202,HAARLEM,AMSTERDAM SLOTERDIJK
41202,AMSTERDAM SLOTERDIJK,AMSTERDAM CENTRAAL
41206,HOOFDDORP,SCHIPHOL AIRPORT
41206,SCHIPHOL AIRPORT,AMSTERDAM ZUID
41206,AMSTERDAM ZUID,AMSTERDAM RAI
41206,AMSTERDAM RAI,DUIVENDRECHT
41206,DUIVENDRECHT,DIEMEN ZUID
41206,DIEMEN ZUID,WEESP
41206,WEESP,NAARDEN-BUSSUM
41206,NAARDEN-BUSSUM,BUSSUM ZUID
41206,BUSSUM ZUID,HILVERSUM MEDIA PARK
41206,HILVERSUM MEDIA PARK,HILVERSUM
41206,HILVERSUM,HILVERSUM SPORTPARK
41206,HILVERSUM SPORTPARK,HOLLANDSCHE RADING
41206,HOLLANDSCHE RADING,UTRECHT OVERVECHT
41206,UTRECHT OVERVECHT,UTRECHT CENTRAAL
41208,DORDRECHT,DORDRECHT ZUID
41208,DORDRECHT ZUID,LAGE ZWALUWE
41208,LAGE ZWALUWE,ZEVENBERGEN
41208,ZEVENBERGEN,OUDENBOSCH
41208,OUDENBOSCH,ROOSENDAAL
41210,LEEUWARDEN,HEERENVEEN
41210,HEERENVEEN,STEENWIJK
41210,STEENWIJK,MEPPEL
41210,MEPPEL,ZWOLLE
41210,ZWOLLE,AMERSFOORT CENTRAAL
41210,AMERSFOORT CENTRAAL,UTRECHT CENTRAAL
41210,UTRECHT CENTRAAL,GOUDA
41210,GOUDA,ROTTERDAM ALEXANDER
41210,ROTTERDAM ALEXANDER,ROTTERDAM CENTRAAL
41214,ENKHUIZEN,BOVENKARSPEL FLORA
41214,BOVENKARSPEL FLORA,BOVENKARSPEL-GROOTEBROEK
41214,BOVENKARSPEL-GROOTEBROEK,HOOGKARSPEL
41214,HOOGKARSPEL,HOORN KERSENBOOGERD
41214,HOORN KERSENBOOGERD,HOORN
41214,HOORN,AMSTERDAM SLOTERDIJK
41214,AMSTERDAM SLOTERDIJK,AMSTERDAM CENTRAAL
41216,ALMELO,WIERDEN
41216,WIERDEN,RIJSSEN
41216,RIJSSEN,HOLTEN
41216,HOLTEN,DEVENTER COLMSCHATE
41216,DEVENTER COLMSCHATE,DEVENTER
41216,DEVENTER,TWELLO
41216,TWELLO,APELDOORN OSSEVELD
41216,APELDOORN OSSEVELD,APELDOORN
41217,UTRECHT CENTRAAL,UTRECHT OVERVECHT
41217,UTRECHT OVERVECHT,HOLLANDSCHE RADING
41217,HOLLANDSCHE RADING,HILVERSUM SPORTPARK
41217,HILVERSUM SPORTPARK,HILVERSUM
41217,HILVERSUM,NAARDEN-BUSSUM
41217,NAARDEN-BUSSUM,ALMERE POORT
41217,ALMERE POORT,ALMERE MUZIEKWIJK
41217,ALMERE MUZIEKWIJK,ALMERE CENTRUM
41220,ZWOLLE,MEPPEL
41220,MEPPEL,HOOGEVEEN
41220,HOOGEVEEN,BEILEN
41220,BEILEN,ASSEN
41220,ASSEN,HAREN
41220,HAREN,GRONINGEN EUROPAPARK
41220,GRONINGEN EUROPAPARK,GRONINGEN
41221,GOUDA,WADDINXVEEN TRIANGEL
41221,WADDINXVEEN TRIANGEL,WADDINXVEEN
41221,WADDINXVEEN,WADDINXVEEN NOORD
41221,WADDINXVEEN NOORD,BOSKOOP SNIJDELWIJK
41221,BOSKOOP SNIJDELWIJK,BOSKOOP
41221,BOSKOOP,ALPHEN A/D RIJN
41223,LEEUWARDEN,HEERENVEEN
41223,HEERENVEEN,STEENWIJK
41223,STEENWIJK,MEPPEL
41223,MEPPEL,ZWOLLE
41223,ZWOLLE,LELYSTAD CENTRUM
41223,LELYSTAD CENTRUM,ALMERE CENTRUM
41223,ALMERE CENTRUM,AMSTERDAM ZUID
41223,AMSTERDAM ZUID,SCHIPHOL AIRPORT
41223,SCHIPHOL AIRPORT,LEIDEN CENTRAAL
41223,LEIDEN CENTRAAL,DEN HAAG CENTRAAL
41226,AMSTERDAM CENTRAAL,AMSTERDAM SLOTERDIJK
41226,AMSTERDAM SLOTERDIJK,HALFWEG-ZWANENBURG
41226,HALFWEG-ZWANENBURG,HAARLEM SPAARNWOUDE
41226,HAARLEM SPAARNWOUDE,HAARLEM
41226,HAARLEM,BLOEMENDAAL
41226,BLOEMENDAAL,SANTPOORT ZUID
41226,SANTPOORT ZUID,SANTPOORT NOORD
41226,SANTPOORT NOORD,DRIEHUIS
41226,DRIEHUIS,BEVERWIJK
41226,BEVERWIJK,HEEMSKERK
41226,HEEMSKERK,UITGEEST
41226,UITGEEST,CASTRICUM
41226,CASTRICUM,HEILOO
41226,HEILOO,ALKMAAR
41226,ALKMAAR,ALKMAAR NOORD
41226,ALKMAAR NOORD,HEERHUGOWAARD
41226,HEERHUGOWAARD,OBDAM
41226,OBDAM,HOORN
41228,HOORN KERSENBOOGERD,HOORN
41228,HOORN,PURMEREND OVERWHERE
41228,PURMEREND OVERWHERE,PURMEREND
41228,PURMEREND,PURMEREND WEIDEVENNE
41228,PURMEREND WEIDEVENNE,ZAANDAM KOGERVELD
41228,ZAANDAM KOGERVELD,ZAANDAM
41228,ZAANDAM,AMSTERDAM SLOTERDIJK
41228,AMSTERDAM SLOTERDIJK,AMSTERDAM LELYLAAN
41228,AMSTERDAM LELYLAAN,SCHIPHOL AIRPORT
41228,SCHIPHOL AIRPORT,HOOFDDORP
41228,HOOFDDORP,NIEUW VENNEP
41228,NIEUW VENNEP,SASSENHEIM
41228,SASSENHEIM,LEIDEN CENTRAAL
41236,ZUTPHEN,BRUMMEN
41236,BRUMMEN,DIEREN
41236,DIEREN,RHEDEN
41236,RHEDEN,VELP
41236,VELP,ARNHEM PRESIKHAAF
41236,ARNHEM PRESIKHAAF,ARNHEM VELPERPOORT
41236,ARNHEM VELPERPOORT,ARNHEM CENTRAAL
41236,ARNHEM CENTRAAL,ARNHEM ZUID
41236,ARNHEM ZUID,ELST
41236,ELST,NIJMEGEN LENT
41236,NIJMEGEN LENT,NIJMEGEN
41236,NIJMEGEN,NIJMEGEN GOFFERT
41236,NIJMEGEN GOFFERT,NIJMEGEN DUKENBURG
41236,NIJMEGEN DUKENBURG,WIJCHEN
41238,DORDRECHT,ROTTERDAM BLAAK
41238,ROTTERDAM BLAAK,ROTTERDAM CENTRAAL
41238,ROTTERDAM CENTRAAL,SCHIEDAM CENTRUM
41238,SCHIEDAM CENTRUM,DELFT
41238,DELFT,DEN HAAG HS
41238,DEN HAAG HS,DEN HAAG LAAN V NOI
41238,DEN HAAG LAAN V NOI,LEIDEN CENTRAAL
41238,LEIDEN CENTRAAL,SCHIPHOL AIRPORT
41238,SCHIPHOL AIRPORT,AMSTERDAM ZUID
41238,AMSTERDAM ZUID,DUIVENDRECHT
41238,DUIVENDRECHT,ALMERE CENTRUM
41238,ALMERE CENTRUM,ALMERE BUITEN
41238,ALMERE BUITEN,LELYSTAD CENTRUM
41239,DORDRECHT,ZWIJNDRECHT
41239,ZWIJNDRECHT,BARENDRECHT
41239,BARENDRECHT,ROTTERDAM LOMBARDIJEN
41239,ROTTERDAM LOMBARDIJEN,ROTTERDAM ZUID
41239,ROTTERDAM ZUID,ROTTERDAM BLAAK
41239,ROTTERDAM BLAAK,ROTTERDAM CENTRAAL
41239,ROTTERDAM CENTRAAL,SCHIEDAM CENTRUM
41239,SCHIEDAM CENTRUM,DELFT CAMPUS
41239,DELFT CAMPUS,DELFT
41239,DELFT,RIJSWIJK
41239,RIJSWIJK,DEN HAAG MOERWIJK
41239,DEN HAAG MOERWIJK,DEN HAAG HS
41239,DEN HAAG HS,DEN HAAG CENTRAAL
44942,AMSTERDAM CENTRAAL,ALMERE CENTRUM
44947,UTRECHT CENTRAAL,UTRECHT OVERVECHT
44947,UTRECHT OVERVECHT,HILVERSUM SPORTPARK
44947,HILVERSUM SPORTPARK,HILVERSUM
44947,HILVERSUM,NAARDEN-BUSSUM
44947,NAARDEN-BUSSUM,ALMERE POORT
44947,ALMERE POORT,ALMERE MUZIEKWIJK
44947,ALMERE MUZIEKWIJK,ALMERE CENTRUM
45189,GRONINGEN,GRONINGEN EUROPAPARK
45189,GRONINGEN EUROPAPARK,HAREN
45189,HAREN,ASSEN
45189,ASSEN,BEILEN
45189,BEILEN,HOOGEVEEN
45189,HOOGEVEEN,MEPPEL
45189,MEPPEL,ZWOLLE
45189,ZWOLLE,KAMPEN ZUID
45189,KAMPEN ZUID,DRONTEN
45189,DRONTEN,LELYSTAD CENTRUM
45189,LELYSTAD CENTRUM,ALMERE CENTRUM
45189,ALMERE CENTRUM,AMSTERDAM CENTRAAL
45194,DEN HAAG CENTRAAL,VOORBURG
45194,VOORBURG,DEN HAAG YPENBURG
45194,DEN HAAG YPENBURG,ZOETERMEER
45194,ZOETERMEER,ZOETERMEER OOST
45194,ZOETERMEER OOST,LANSINGERLAND-ZOETERMEER
45194,LANSINGERLAND-ZOETERMEER,GOUDA
45194,GOUDA,GOUDA GOVERWELLE
45223,HEERLEN,HEERLEN WOONBOULEVARD
45223,HEERLEN WOONBOULEVARD,VOERENDAAL
45223,VOERENDAAL,KLIMMEN-RANSDAAL
45223,KLIMMEN-RANSDAAL,SCHIN OP GEUL
45223,SCHIN OP GEUL,VALKENBURG
45223,VALKENBURG,HOUTHEM-ST. GERLACH
45223,HOUTHEM-ST. GERLACH,MEERSSEN
45223,MEERSSEN,MAASTRICHT NOORD
45223,MAASTRICHT NOORD,MAASTRICHT
45223,MAASTRICHT,MAASTRICHT RANDWYCK
45224,MAASTRICHT RANDWYCK,MAASTRICHT
45224,MAASTRICHT,BUNDE
45224,BUNDE,BEEK-ELSLOO
45224,BEEK-ELSLOO,GELEEN-LUTTERADE
45224,GELEEN-LUTTERADE,SITTARD
45224,SITTARD,SUSTEREN
45224,SUSTEREN,ECHT
45224,ECHT,ROERMOND
45226,VENRAY,VIERLINGSBEEK
45226,VIERLINGSBEEK,BOXMEER
45226,BOXMEER,CUIJK
45226,CUIJK,MOOK-MOLENHOEK
45226,MOOK-MOLENHOEK,NIJMEGEN HEYENDAAL
45226,NIJMEGEN HEYENDAAL,NIJMEGEN
45227,NIJMEGEN,NIJMEGEN HEYENDAAL
45227,NIJMEGEN HEYENDAAL,MOOK-MOLENHOEK
45227,MOOK-MOLENHOEK,CUIJK
45227,CUIJK,BOXMEER
45227,BOXMEER,VIERLINGSBEEK
45227,VIERLINGSBEEK,VENRAY
45227,VENRAY,BLERICK
45227,BLERICK,VENLO
45227,VENLO,TEGELEN
45227,TEGELEN,REUVER
45227,REUVER,SWALMEN
45227,SWALMEN,ROERMOND
45231,KERKRADE CENTRUM,CHEVREMONT
45231,CHEVREMONT,EYGELSHOVEN
45231,EYGELSHOVEN,LANDGRAAF
45231,LANDGRAAF,HEERLEN
45231,HEERLEN,HOENSBROEK
45231,HOENSBROEK,NUTH
45231,NUTH,SCHINNEN
45231,SCHINNEN,SPAUBEEK
45231,SPAUBEEK,GELEEN OOST
45231,GELEEN OOST,SITTARD
45383,ARNHEM CENTRAAL,ZEVENAAR
45383,ZEVENAAR,ELTEN
45383,ELTEN,EMMERICH
45383,EMMERICH,WESEL
45383,WESEL,OBERHAUSEN-STERKRADE
45383,OBERHAUSEN-STERKRADE,OBERHAUSEN HBF
45383,OBERHAUSEN HBF,DUISBURG HBF
45383,DUISBURG HBF,DUSSELDORF FLUGHAFEN
45383,DUSSELDORF FLUGHAFEN,DUSSELDORF HBF
46036,DEN HAAG CENTRAAL,DEN HAAG LAAN V NOI
46036,DEN HAAG LAAN V NOI,DEN HAAG MARIAHOEVE
46036,DEN HAAG MARIAHOEVE,VOORSCHOTEN
46036,VOORSCHOTEN,DE VINK
46036,DE VINK,LEIDEN CENTRAAL
46036,LEIDEN CENTRAAL,SASSENHEIM
46036,SASSENHEIM,NIEUW VENNEP
46036,NIEUW VENNEP,HOOFDDORP
46036,HOOFDDORP,SCHIPHOL AIRPORT
46036,SCHIPHOL AIRPORT,AMSTERDAM LELYLAAN
46036,AMSTERDAM LELYLAAN,AMSTERDAM SLOTERDIJK
46036,AMSTERDAM SLOTERDIJK,AMSTERDAM CENTRAAL
46084,AMSTERDAM CENTRAAL,AMSTERDAM MUIDERPOORT
46084,AMSTERDAM MUIDERPOORT,AMSTERDAM SCIENCE PARK
46084,AMSTERDAM SCIENCE PARK,DIEMEN
46084,DIEMEN,WEESP
46084,WEESP,NAARDEN-BUSSUM
46084,NAARDEN-BUSSUM,BUSSUM ZUID
46084,BUSSUM ZUID,HILVERSUM MEDIA PARK
46084,HILVERSUM MEDIA PARK,HILVERSUM
46084,HILVERSUM,BAARN
46084,BAARN,AMERSFOORT CENTRAAL
46084,AMERSFOORT CENTRAAL,AMERSFOORT SCHOTHORST
46084,AMERSFOORT SCHOTHORST,AMERSFOORT VATHORST
46092,AMSTERDAM CENTRAAL,AMSTERDAM MUIDERPOORT
46092,AMSTERDAM MUIDERPOORT,AMSTERDAM SCIENCE PARK
46092,AMSTERDAM SCIENCE PARK,DIEMEN
46092,DIEMEN,WEESP
46092,WEESP,ALMERE POORT
46092,ALMERE POORT,ALMERE MUZIEKWIJK
46092,ALMERE MUZIEKWIJK,ALMERE CENTRUM
46092,ALMERE CENTRUM,ALMERE PARKWIJK
46092,ALMERE PARKWIJK,ALMERE BUITEN
46092,ALMERE BUITEN,ALMERE OOSTVAARDERS
46092,ALMERE OOSTVAARDERS,LELYSTAD CENTRUM
46092,LELYSTAD CENTRUM,DRONTEN
46092,DRONTEN,KAMPEN ZUID
46092,KAMPEN ZUID,ZWOLLE
46093,AMSTERDAM CENTRAAL,AMSTERDAM SLOTERDIJK
46093,AMSTERDAM SLOTERDIJK,AMSTERDAM LELYLAAN
46093,AMSTERDAM LELYLAAN,SCHIPHOL AIRPORT
46093,SCHIPHOL AIRPORT,HOOFDDORP
51610,ASSEN,HAREN
51610,HAREN,GRONINGEN EUROPAPARK
51610,GRONINGEN EUROPAPARK,GRONINGEN
52979,HOUTEN CASTELLUM,HOUTEN
52979,HOUTEN,UTRECHT LUNETTEN
52979,UTRECHT LUNETTEN,UTRECHT VAARTSCHE RIJN
52979,UTRECHT VAARTSCHE RIJN,UTRECHT CENTRAAL
52982,KAMPEN,ZWOLLE STADSHAGEN
52982,ZWOLLE STADSHAGEN,ZWOLLE
52984,HEERLEN,SITTARD
52984,SITTARD,ROERMOND
52984,ROERMOND,WEERT
52984,WEERT,EINDHOVEN CENTRAAL
52984,EINDHOVEN CENTRAAL,HERTOGENBOSCH ('S)
52984,HERTOGENBOSCH ('S),UTRECHT CENTRAAL
52984,UTRECHT CENTRAAL,AMSTERDAM AMSTEL
52984,AMSTERDAM AMSTEL,AMSTERDAM CENTRAAL
52984,AMSTERDAM CENTRAAL,AMSTERDAM SLOTERDIJK
52984,AMSTERDAM SLOTERDIJK,HOORN
52984,HOORN,HOORN KERSENBOOGERD
52984,HOORN KERSENBOOGERD,HOOGKARSPEL
52984,HOOGKARSPEL,BOVENKARSPEL-GROOTEBROEK
52984,BOVENKARSPEL-GROOTEBROEK,BOVENKARSPEL FLORA
52984,BOVENKARSPEL FLORA,ENKHUIZEN
52985,HARDENBERG,MARIENBERG
52985,MARIENBERG,VROOMSHOOP
52985,VROOMSHOOP,DAARLERVEEN
52985,DAARLERVEEN,VRIEZENVEEN
52985,VRIEZENVEEN,ALMELO
52986,ENKHUIZEN,BOVENKARSPEL FLORA
52986,BOVENKARSPEL FLORA,BOVENKARSPEL-GROOTEBROEK
52986,BOVENKARSPEL-GROOTEBROEK,HOOGKARSPEL
52986,HOOGKARSPEL,HOORN KERSENBOOGERD
52986,HOORN KERSENBOOGERD,HOORN
52986,HOORN,AMSTERDAM SLOTERDIJK
52986,AMSTERDAM SLOTERDIJK,AMSTERDAM CENTRAAL
52986,AMSTERDAM CENTRAAL,AMSTERDAM AMSTEL
52986,AMSTERDAM AMSTEL,UTRECHT CENTRAAL
52986,UTRECHT CENTRAAL,HERTOGENBOSCH ('S)
52986,HERTOGENBOSCH ('S),EINDHOVEN CENTRAAL
52986,EINDHOVEN CENTRAAL,WEERT
52986,WEERT,ROERMOND
52986,ROERMOND,SITTARD
52986,SITTARD,MAASTRICHT
52987,ROOSENDAAL,BERGEN OP ZOOM
52987,BERGEN OP ZOOM,RILLAND-BATH
52987,RILLAND-BATH,KRABBENDIJKE
52987,KRABBENDIJKE,KRUININGEN-YERSEKE
52987,KRUININGEN-YERSEKE,KAPELLE-BIEZELINGE
52987,KAPELLE-BIEZELINGE,GOES
52987,GOES,ARNEMUIDEN
52987,ARNEMUIDEN,MIDDELBURG
52987,MIDDELBURG,VLISSINGEN SOUBURG
52987,VLISSINGEN SOUBURG,VLISSINGEN
52989,ZWOLLE,HEINO
52989,HEINO,RAALTE
52989,RAALTE,NIJVERDAL
52989,NIJVERDAL,WIERDEN
52989,WIERDEN,ALMELO
52989,ALMELO,ALMELO DE RIET
52989,ALMELO DE RIET,BORNE
52989,BORNE,HENGELO
52989,HENGELO,ENSCHEDE KENNISPARK
52989,ENSCHEDE KENNISPARK,ENSCHEDE
52990,ALKMAAR,CASTRICUM
52990,CASTRICUM,ZAANDAM
52990,ZAANDAM,AMSTERDAM SLOTERDIJK
52990,AMSTERDAM SLOTERDIJK,AMSTERDAM CENTRAAL
52990,AMSTERDAM CENTRAAL,AMSTERDAM AMSTEL
52990,AMSTERDAM AMSTEL,UTRECHT CENTRAAL
52990,UTRECHT CENTRAAL,HERTOGENBOSCH ('S)
52990,HERTOGENBOSCH ('S),EINDHOVEN CENTRAAL
52990,EINDHOVEN CENTRAAL,WEERT
52990,WEERT,ROERMOND
52990,ROERMOND,SITTARD
52990,SITTARD,MAASTRICHT
52991,BREUKELEN,MAARSSEN
52991,MAARSSEN,UTRECHT ZUILEN
52991,UTRECHT ZUILEN,UTRECHT CENTRAAL
52991,UTRECHT CENTRAAL,UTRECHT VAARTSCHE RIJN
52991,UTRECHT VAARTSCHE RIJN,BUNNIK
52991,BUNNIK,DRIEBERGEN-ZEIST
52991,DRIEBERGEN-ZEIST,MAARN
52991,MAARN,VEENENDAAL WEST
52991,VEENENDAAL WEST,VEENENDAAL CENTRUM
52991,VEENENDAAL CENTRUM,RHENEN
52993,OLDENZAAL,HENGELO OOST
52993,HENGELO OOST,HENGELO
52993,HENGELO,HENGELO GEZONDHEIDSPARK
52993,HENGELO GEZONDHEIDSPARK,DELDEN
52993,DELDEN,GOOR
52993,GOOR,LOCHEM
52993,LOCHEM,ZUTPHEN
52996,ZWOLLE,DALFSEN
52996,DALFSEN,OMMEN
52996,OMMEN,MARIENBERG
52996,MARIENBERG,HARDENBERG
52996,HARDENBERG,COEVORDEN
52996,COEVORDEN,NIEUW AMSTERDAM
52996,NIEUW AMSTERDAM,EMMEN ZUID
52996,EMMEN ZUID,EMMEN
53004,EMMEN,EMMEN ZUID
53004,EMMEN ZUID,NIEUW AMSTERDAM
53004,NIEUW AMSTERDAM,DALEN
53004,DALEN,COEVORDEN
53004,COEVORDEN,GRAMSBERGEN
53004,GRAMSBERGEN,HARDENBERG
53004,HARDENBERG,MARIENBERG
53004,MARIENBERG,OMMEN
53004,OMMEN,DALFSEN
53004,DALFSEN,ZWOLLE
53898,VENLO,BLERICK
53898,BLERICK,HORST-SEVENUM
53898,HORST-SEVENUM,DEURNE
53898,DEURNE,HELMOND
53898,HELMOND,EINDHOVEN CENTRAAL
53898,EINDHOVEN CENTRAAL,HERTOGENBOSCH ('S)
53898,HERTOGENBOSCH ('S),UTRECHT CENTRAAL
53898,UTRECHT CENTRAAL,AMSTERDAM BIJLMER ARENA
53898,AMSTERDAM BIJLMER ARENA,AMSTERDAM ZUID
53898,AMSTERDAM ZUID,SCHIPHOL AIRPORT
59426,BRUSSEL-ZUID/MIDI,BRUSSEL-CENTRAAL
59426,BRUSSEL-CENTRAAL,BRUSSEL-NOORD
59426,BRUSSEL-NOORD,BRUSSELS AIRPORT - ZAVENTEM
59426,BRUSSELS AIRPORT - ZAVENTEM,MECHELEN
59426,MECHELEN,ANTWERPEN-BERCHEM
59426,ANTWERPEN-BERCHEM,ANTWERPEN-CENTRAAL
59426,ANTWERPEN-CENTRAAL,NOORDERKEMPEN
59426,NOORDERKEMPEN,BREDA
59426,BREDA,ROTTERDAM CENTRAAL
59426,ROTTERDAM CENTRAAL,SCHIPHOL AIRPORT
59426,SCHIPHOL AIRPORT,AMSTERDAM CENTRAAL
60129,UTRECHT CENTRAAL,UTRECHT MALIEBAAN
61275,ENSCHEDE,HENGELO
61275,HENGELO,ALMELO
61275,ALMELO,NIJVERDAL
61275,NIJVERDAL,RAALTE
61275,RAALTE,ZWOLLE
61913,GORINCHEM,BOVEN-HARDINXVELD
61913,BOVEN-HARDINXVELD,HARDINXVELD-GIESSENDAM
61913,HARDINXVELD-GIESSENDAM,SLIEDRECHT
61913,SLIEDRECHT,SLIEDRECHT BAANHOEK
61913,SLIEDRECHT BAANHOEK,DORDRECHT STADSPOLDERS
61913,DORDRECHT STADSPOLDERS,DORDRECHT
61914,DORDRECHT,DORDRECHT ZUID
61914,DORDRECHT ZUID,LAGE ZWALUWE
61914,LAGE ZWALUWE,BREDA-PRINSENBEEK
61914,BREDA-PRINSENBEEK,BREDA
61914,BREDA,GILZE-RIJEN
61914,GILZE-RIJEN,TILBURG REESHOF
61914,TILBURG REESHOF,TILBURG UNIVERSITEIT
61914,TILBURG UNIVERSITEIT,TILBURG
61914,TILBURG,HERTOGENBOSCH ('S)
61914,HERTOGENBOSCH ('S),HERTOGENB ('S) OOST
61914,HERTOGENB ('S) OOST,ROSMALEN
61914,ROSMALEN,OSS WEST
61914,OSS WEST,OSS
61914,OSS,RAVENSTEIN
61914,RAVENSTEIN,WIJCHEN
61914,WIJCHEN,NIJMEGEN DUKENBURG
61914,NIJMEGEN DUKENBURG,NIJMEGEN GOFFERT
61914,NIJMEGEN GOFFERT,NIJMEGEN
61914,NIJMEGEN,NIJMEGEN LENT
61914,NIJMEGEN LENT,ELST
61914,ELST,ARNHEM ZUID
61914,ARNHEM ZUID,ARNHEM CENTRAAL
61916,HERTOGENBOSCH ('S),HERTOGENB ('S) OOST
61916,HERTOGENB ('S) OOST,ROSMALEN
61916,ROSMALEN,OSS WEST
61916,OSS WEST,OSS
61916,OSS,RAVENSTEIN
61916,RAVENSTEIN,WIJCHEN
61916,WIJCHEN,NIJMEGEN DUKENBURG
61916,NIJMEGEN DUKENBURG,NIJMEGEN GOFFERT
61916,NIJMEGEN GOFFERT,NIJMEGEN
61916,NIJMEGEN,NIJMEGEN LENT
61916,NIJMEGEN LENT,ELST
61916,ELST,ARNHEM ZUID
61916,ARNHEM ZUID,ARNHEM CENTRAAL
61918,GELDERMALSEN,BEESD
61918,BEESD,LEERDAM
61918,LEERDAM,ARKEL
61918,ARKEL,GORINCHEM
61918,GORINCHEM,BOVEN-HARDINXVELD
61918,BOVEN-HARDINXVELD,HARDINXVELD-GIESSENDAM
61918,HARDINXVELD-GIESSENDAM,HARDINXVELD BLAUWE ZOOM
61918,HARDINXVELD BLAUWE ZOOM,SLIEDRECHT
61918,SLIEDRECHT,SLIEDRECHT BAANHOEK
61918,SLIEDRECHT BAANHOEK,DORDRECHT STADSPOLDERS
61918,DORDRECHT STADSPOLDERS,DORDRECHT
61919,PUURS,ANTWERPEN-ZUID
61919,ANTWERPEN-ZUID,ANTWERPEN-BERCHEM
61919,ANTWERPEN-BERCHEM,ANTWERPEN-CENTRAAL
61919,ANTWERPEN-CENTRAAL,ANTWERPEN-LUCHTBAL
61919,ANTWERPEN-LUCHTBAL,ANTWERPEN-NOORDERDOKKEN
61919,ANTWERPEN-NOORDERDOKKEN,EKEREN
61919,EKEREN,SINT-MARIABURG
61919,SINT-MARIABURG,KAPELLEN
61919,KAPELLEN,HEIDE (B)
61919,HEIDE (B),KIJKUIT
61919,KIJKUIT,KALMTHOUT
61919,KALMTHOUT,WILDERT
61919,WILDERT,ESSEN (B)
61919,ESSEN (B),ROOSENDAAL
61920,RHENEN,VEENENDAAL CENTRUM
61920,VEENENDAAL CENTRUM,VEENENDAAL WEST
61920,VEENENDAAL WEST,MAARN
61920,MAARN,DRIEBERGEN-ZEIST
61920,DRIEBERGEN-ZEIST,BUNNIK
61920,BUNNIK,UTRECHT VAARTSCHE RIJN
61920,UTRECHT VAARTSCHE RIJN,UTRECHT CENTRAAL
61920,UTRECHT CENTRAAL,UTRECHT ZUILEN
61920,UTRECHT ZUILEN,MAARSSEN
61920,MAARSSEN,BREUKELEN
61920,BREUKELEN,ABCOUDE
61920,ABCOUDE,AMSTERDAM HOLENDRECHT
61920,AMSTERDAM HOLENDRECHT,AMSTERDAM BIJLMER ARENA
61920,AMSTERDAM BIJLMER ARENA,DUIVENDRECHT
61920,DUIVENDRECHT,AMSTERDAM AMSTEL
61920,AMSTERDAM AMSTEL,AMSTERDAM MUIDERPOORT
61920,AMSTERDAM MUIDERPOORT,AMSTERDAM CENTRAAL
61920,AMSTERDAM CENTRAAL,AMSTERDAM SLOTERDIJK
61920,AMSTERDAM SLOTERDIJK,ZAANDAM
61920,ZAANDAM,KOOG AAN DE ZAAN
61920,KOOG AAN DE ZAAN,ZAANDIJK ZAANSE SCHANS
61920,ZAANDIJK ZAANSE SCHANS,WORMERVEER
61920,WORMERVEER,KROMMENIE-ASSENDELFT
61920,KROMMENIE-ASSENDELFT,UITGEEST
66117,DORDRECHT,ROTTERDAM BLAAK
66117,ROTTERDAM BLAAK,ROTTERDAM CENTRAAL
66117,ROTTERDAM CENTRAAL,SCHIEDAM CENTRUM
66117,SCHIEDAM CENTRUM,DELFT
66117,DELFT,DEN HAAG HS
66117,DEN HAAG HS,DEN HAAG LAAN V NOI
66117,DEN HAAG LAAN V NOI,LEIDEN CENTRAAL
66117,LEIDEN CENTRAAL,SCHIPHOL AIRPORT
66117,SCHIPHOL AIRPORT,AMSTERDAM ZUID
66117,AMSTERDAM ZUID,AMSTERDAM BIJLMER ARENA
66117,AMSTERDAM BIJLMER ARENA,UTRECHT CENTRAAL
66117,UTRECHT CENTRAAL,HERTOGENBOSCH ('S)
66117,HERTOGENBOSCH ('S),EINDHOVEN CENTRAAL
66117,EINDHOVEN CENTRAAL,HELMOND
66117,HELMOND,DEURNE
66117,DEURNE,HORST-SEVENUM
66117,HORST-SEVENUM,BLERICK
66117,BLERICK,VENLO
66763,HERTOGENBOSCH ('S),VUGHT
66763,VUGHT,BOXTEL
66763,BOXTEL,BEST
66763,BEST,EINDHOVEN STRIJP-S
66763,EINDHOVEN STRIJP-S,EINDHOVEN CENTRAAL
66763,EINDHOVEN CENTRAAL,HELMOND BRANDEVOORT
66763,HELMOND BRANDEVOORT,HELMOND 'T HOUT
66763,HELMOND 'T HOUT,HELMOND
66763,HELMOND,HELMOND BROUWHUIS
66763,HELMOND BROUWHUIS,DEURNE
66765,UTRECHT CENTRAAL,AMSTERDAM CENTRAAL
66765,AMSTERDAM CENTRAAL,SCHIPHOL AIRPORT
66765,SCHIPHOL AIRPORT,LEIDEN CENTRAAL
66765,LEIDEN CENTRAAL,DEN HAAG HS
66765,DEN HAAG HS,GOUDA
66765,GOUDA,GOUDA
66765,GOUDA,ROTTERDAM CENTRAAL
66772,WINTERSWIJK,WINTERSWIJK WEST
66772,WINTERSWIJK WEST,LICHTENVOORDE-GROENLO
66772,LICHTENVOORDE-GROENLO,RUURLO
66772,RUURLO,VORDEN
66772,VORDEN,ZUTPHEN
66772,ZUTPHEN,APELDOORN
67394,EINDHOVEN CENTRAAL,TILBURG
67394,TILBURG,BREDA
67394,BREDA,ROTTERDAM CENTRAAL
67394,ROTTERDAM CENTRAAL,DELFT
67394,DELFT,DEN HAAG HS
67394,DEN HAAG HS,DEN HAAG CENTRAAL
67395,HERTOGENBOSCH ('S),TILBURG
67399,AMERSFOORT CENTRAAL,UTRECHT CENTRAAL
67399,UTRECHT CENTRAAL,GOUDA
67399,GOUDA,DEN HAAG CENTRAAL
67400,VENLO,BLERICK
67400,BLERICK,HORST-SEVENUM
67400,HORST-SEVENUM,DEURNE
67400,DEURNE,HELMOND
67400,HELMOND,EINDHOVEN CENTRAAL
67402,ROTTERDAM CENTRAAL,DELFT
67402,DELFT,DEN HAAG HS
67402,DEN HAAG HS,LEIDEN CENTRAAL
67402,LEIDEN CENTRAAL,SCHIPHOL AIRPORT
67402,SCHIPHOL AIRPORT,AMSTERDAM CENTRAAL
67402,AMSTERDAM CENTRAAL,UTRECHT CENTRAAL
67404,HARDERWIJK,NIJKERK
67404,NIJKERK,AMERSFOORT CENTRAAL
67406,BARNEVELD ZUID,BARNEVELD CENTRUM
67406,BARNEVELD CENTRUM,BARNEVELD NOORD
67406,BARNEVELD NOORD,HOEVELAKEN
67406,HOEVELAKEN,AMERSFOORT CENTRAAL
67407,EINDHOVEN CENTRAAL,GELDROP
67407,GELDROP,HEEZE
67407,HEEZE,MAARHEEZE
67407,MAARHEEZE,WEERT
67412,EINDHOVEN CENTRAAL,EINDHOVEN STRIJP-S
67412,EINDHOVEN STRIJP-S,BEST
67412,BEST,BOXTEL
67412,BOXTEL,OISTERWIJK
67412,OISTERWIJK,TILBURG
67412,TILBURG,TILBURG UNIVERSITEIT
67415,ANTWERPEN-CENTRAAL,ANTWERPEN-LUCHTBAL
67415,ANTWERPEN-LUCHTBAL,ANTWERPEN-NOORDERDOKKEN
67415,ANTWERPEN-NOORDERDOKKEN,EKEREN
67415,EKEREN,SINT-MARIABURG
67415,SINT-MARIABURG,KAPELLEN
67415,KAPELLEN,HEIDE (B)
67415,HEIDE (B),KIJKUIT
67415,KIJKUIT,KALMTHOUT
67415,KALMTHOUT,WILDERT
67415,WILDERT,ESSEN (B)
67415,ESSEN (B),ROOSENDAAL
67416,DORDRECHT,BREDA
67416,BREDA,TILBURG
67416,TILBURG,BOXTEL
67416,BOXTEL,EINDHOVEN CENTRAAL
67419,EDE-WAGENINGEN,EDE CENTRUM
67419,EDE CENTRUM,LUNTEREN
67419,LUNTEREN,BARNEVELD ZUID
67419,BARNEVELD ZUID,BARNEVELD CENTRUM
67419,BARNEVELD CENTRUM,BARNEVELD NOORD
67419,BARNEVELD NOORD,HOEVELAKEN
67419,HOEVELAKEN,AMERSFOORT CENTRAAL
67422,AMERSFOORT CENTRAAL,UTRECHT CENTRAAL
67424,MAASTRICHT,MEERSSEN
67424,MEERSSEN,VALKENBURG
67424,VALKENBURG,HEERLEN
67425,HENGELO,OLDENZAAL
67425,OLDENZAAL,BAD BENTHEIM
67425,BAD BENTHEIM,RHEINE
67425,RHEINE,OSNABRUCK HBF
67425,OSNABRUCK HBF,BUNDE (WESTF.)
67425,BUNDE (WESTF.),BIELEFELD HBF
67431,AMERSFOORT CENTRAAL,HILVERSUM
67431,HILVERSUM,AMSTERDAM CENTRAAL
67449,MAASTRICHT,MEERSSEN
67449,MEERSSEN,VALKENBURG
67449,VALKENBURG,HEERLEN
67449,HEERLEN,LANDGRAAF
67449,LANDGRAAF,EYGELSHOVEN MARKT
67449,EYGELSHOVEN MARKT,HERZOGENRATH
67449,HERZOGENRATH,AACHEN WEST
67449,AACHEN WEST,AACHEN HBF
67615,ARNHEM CENTRAAL,ARNHEM VELPERPOORT
67615,ARNHEM VELPERPOORT,WESTERVOORT
67615,WESTERVOORT,DUIVEN
67615,DUIVEN,ZEVENAAR
67615,ZEVENAAR,DIDAM
67615,DIDAM,WEHL
67615,WEHL,DOETINCHEM DE HUET
67615,DOETINCHEM DE HUET,DOETINCHEM
67615,DOETINCHEM,GAANDEREN
67615,GAANDEREN,TERBORG
67971,HAMM (WESTF.),BOENEN
67971,BOENEN,UNNA
67971,UNNA,HOLZWICKEDE
67971,HOLZWICKEDE,SCHWERTE (RUHR)
67971,SCHWERTE (RUHR),HAGEN HBF
67971,HAGEN HBF,ENNEPETAL
67971,ENNEPETAL,SCHWELM
67971,SCHWELM,WUPPERTAL OBERBARMEN
67971,WUPPERTAL OBERBARMEN,WUPPERTAL-BARMEN
67971,WUPPERTAL-BARMEN,WUPPERTAL HBF
67971,WUPPERTAL HBF,WUPPERTAL-VOHWINKEL
67971,WUPPERTAL-VOHWINKEL,DUSSELDORF HBF
67971,DUSSELDORF HBF,NEUSS HBF
67971,NEUSS HBF,MONCHENGLADBACH HBF
67971,MONCHENGLADBACH HBF,VIERSEN
67971,VIERSEN,DULKEN
67971,DULKEN,BOISHEIM
67971,BOISHEIM,BREYELL
67971,BREYELL,KALDENKIRCHEN
67971,KALDENKIRCHEN,VENLO
73488,WOERDEN,VLEUTEN
73488,VLEUTEN,UTRECHT TERWIJDE
73488,UTRECHT TERWIJDE,UTRECHT LEIDSCHE RIJN
73488,UTRECHT LEIDSCHE RIJN,UTRECHT CENTRAAL
73488,UTRECHT CENTRAAL,UTRECHT VAARTSCHE RIJN
73488,UTRECHT VAARTSCHE RIJN,UTRECHT LUNETTEN
73488,UTRECHT LUNETTEN,HOUTEN
73488,HOUTEN,HOUTEN CASTELLUM
73488,HOUTEN CASTELLUM,CULEMBORG
73488,CULEMBORG,GELDERMALSEN
73488,GELDERMALSEN,ZALTBOMMEL
73488,ZALTBOMMEL,HERTOGENBOSCH ('S)
73489,DEN HAAG CENTRAAL,VOORBURG
73489,VOORBURG,DEN HAAG YPENBURG
73489,DEN HAAG YPENBURG,ZOETERMEER
73489,ZOETERMEER,ZOETERMEER OOST
73489,ZOETERMEER OOST,LANSINGERLAND-ZOETERMEER
73489,LANSINGERLAND-ZOETERMEER,GOUDA
73489,GOUDA,GOUDA GOVERWELLE
73489,GOUDA GOVERWELLE,WOERDEN
73489,WOERDEN,VLEUTEN
73489,VLEUTEN,UTRECHT TERWIJDE
73489,UTRECHT TERWIJDE,UTRECHT LEIDSCHE RIJN
73489,UTRECHT LEIDSCHE RIJN,UTRECHT CENTRAAL
73489,UTRECHT CENTRAAL,UTRECHT VAARTSCHE RIJN
73489,UTRECHT VAARTSCHE RIJN,UTRECHT LUNETTEN
73489,UTRECHT LUNETTEN,HOUTEN
73489,HOUTEN,HOUTEN CASTELLUM
73489,HOUTEN CASTELLUM,CULEMBORG
73489,CULEMBORG,GELDERMALSEN
73489,GELDERMALSEN,TIEL PASSEWAAIJ
73489,TIEL PASSEWAAIJ,TIEL
73941,EINDHOVEN CENTRAAL,HELMOND BRANDEVOORT
73941,HELMOND BRANDEVOORT,HELMOND 'T HOUT
73941,HELMOND 'T HOUT,HELMOND
73941,HELMOND,HELMOND BROUWHUIS
73941,HELMOND BROUWHUIS,DEURNE
74608,HAARLEM,AMSTERDAM CENTRAAL
75060,AMSTERDAM CENTRAAL,ROTTERDAM CENTRAAL
75060,ROTTERDAM CENTRAAL,BRUSSEL-ZUID/MIDI
75060,BRUSSEL-ZUID/MIDI,LILLE EUROPE
75060,LILLE EUROPE,LONDON ST. PANCRAS INT.
75061,UTRECHT CENTRAAL,HILVERSUM SPORTPARK
75061,HILVERSUM SPORTPARK,HILVERSUM
75061,HILVERSUM,HILVERSUM MEDIA PARK
75061,HILVERSUM MEDIA PARK,AMSTERDAM CENTRAAL
75062,BRUSSEL-ZUID/MIDI,BRUSSEL-CENTRAAL
75062,BRUSSEL-CENTRAAL,BRUSSEL-NOORD
75062,BRUSSEL-NOORD,BRUSSELS AIRPORT - ZAVENTEM
75062,BRUSSELS AIRPORT - ZAVENTEM,MECHELEN
75062,MECHELEN,ANTWERPEN-BERCHEM
75062,ANTWERPEN-BERCHEM,ANTWERPEN-CENTRAAL
75062,ANTWERPEN-CENTRAAL,NOORDERKEMPEN
75062,NOORDERKEMPEN,BREDA
75062,BREDA,ROTTERDAM CENTRAAL
75062,ROTTERDAM CENTRAAL,DEN HAAG HS
75064,NURNBERG HBF,FRANKFURT FLUGHAFEN FERNB
75064,FRANKFURT FLUGHAFEN FERNB,MAINZ HBF
75064,MAINZ HBF,KOBLENZ HBF
75064,KOBLENZ HBF,BONN HBF
75064,BONN HBF,KOLN HBF
75064,KOLN HBF,DUSSELDORF HBF
75064,DUSSELDORF HBF,DUISBURG HBF
75064,DUISBURG HBF,ARNHEM CENTRAAL
75064,ARNHEM CENTRAAL,UTRECHT CENTRAAL
75064,UTRECHT CENTRAAL,AMSTERDAM CENTRAAL
75065,MARSEILLE-ST-CHARLES,AIX-EN-PROVENCE TGV
75065,AIX-EN-PROVENCE TGV,AVIGNON TGV
75065,AVIGNON TGV,VALENCE TGV
75065,VALENCE TGV,BRUSSEL-ZUID/MIDI
75065,BRUSSEL-ZUID/MIDI,ANTWERPEN-CENTRAAL
75065,ANTWERPEN-CENTRAAL,ROTTERDAM CENTRAAL
75065,ROTTERDAM CENTRAAL,SCHIPHOL AIRPORT
75065,SCHIPHOL AIRPORT,AMSTERDAM CENTRAAL
76117,ZWOLLE,DALFSEN
76117,DALFSEN,OMMEN
76117,OMMEN,HARDENBERG
76117,HARDENBERG,COEVORDEN
76452,BERLIN HBF,BERLIN-SPANDAU
76452,BERLIN-SPANDAU,STENDAL
76452,STENDAL,WOLFSBURG HBF
76452,WOLFSBURG HBF,HANNOVER HBF
76452,HANNOVER HBF,MINDEN (WESTF)
76452,MINDEN (WESTF),BAD OEYNHAUSEN
76452,BAD OEYNHAUSEN,OSNABRUCK HBF
76452,OSNABRUCK HBF,RHEINE
76452,RHEINE,BAD BENTHEIM
76452,BAD BENTHEIM,HENGELO
76452,HENGELO,ALMELO
76452,ALMELO,DEVENTER
76452,DEVENTER,APELDOORN
76452,APELDOORN,AMERSFOORT CENTRAAL
76452,AMERSFOORT CENTRAAL,HILVERSUM
76452,HILVERSUM,AMSTERDAM CENTRAAL
76977,LEEUWARDEN,FEANWALDEN
76977,FEANWALDEN,BUITENPOST
76977,BUITENPOST,GRONINGEN
76978,GRONINGEN,GRONINGEN EUROPAPARK
76978,GRONINGEN EUROPAPARK,SCHEEMDA
76978,SCHEEMDA,WINSCHOTEN
76979,GRONINGEN,GRONINGEN EUROPAPARK
76979,GRONINGEN EUROPAPARK,KROPSWOLDE
76979,KROPSWOLDE,MARTENSHOEK
76979,MARTENSHOEK,HOOGEZAND-SAPPEMEER
76979,HOOGEZAND-SAPPEMEER,ZUIDBROEK
76979,ZUIDBROEK,SCHEEMDA
76979,SCHEEMDA,WINSCHOTEN
76979,WINSCHOTEN,BAD NIEUWESCHANS
76979,BAD NIEUWESCHANS,WEENER
76980,SNEEK,SNEEK NOORD
76980,SNEEK NOORD,MANTGUM
76980,MANTGUM,LEEUWARDEN
76981,LEEUWARDEN,MANTGUM
76981,MANTGUM,SNEEK NOORD
76981,SNEEK NOORD,SNEEK
76981,SNEEK,IJLST
76981,IJLST,WORKUM
76981,WORKUM,HINDELOOPEN
76981,HINDELOOPEN,KOUDUM-MOLKWERUM
76981,KOUDUM-MOLKWERUM,STAVOREN
76982,LEEUWARDEN,DEINUM
76982,DEINUM,DRONRYP
76982,DRONRYP,FRANEKER
76982,FRANEKER,HARLINGEN
76982,HARLINGEN,HARLINGEN HAVEN
76983,LEEUWARDEN,LEEUWARDEN CAMMINGHABUREN
76983,LEEUWARDEN CAMMINGHABUREN,HURDEGARYP
76983,HURDEGARYP,FEANWALDEN
76983,FEANWALDEN,DE WESTEREEN
76983,DE WESTEREEN,BUITENPOST
76983,BUITENPOST,GRIJPSKERK
76983,GRIJPSKERK,ZUIDHORN
76983,ZUIDHORN,GRONINGEN
76984,WINSCHOTEN,SCHEEMDA
76984,SCHEEMDA,ZUIDBROEK
76984,ZUIDBROEK,HOOGEZAND-SAPPEMEER
76984,HOOGEZAND-SAPPEMEER,MARTENSHOEK
76984,MARTENSHOEK,KROPSWOLDE
76984,KROPSWOLDE,GRONINGEN EUROPAPARK
76984,GRONINGEN EUROPAPARK,GRONINGEN
76985,ROODESCHOOL,UITHUIZERMEEDEN
76985,UITHUIZERMEEDEN,UITHUIZEN
76985,UITHUIZEN,USQUERT
76985,USQUERT,WARFFUM
76985,WARFFUM,BAFLO
76985,BAFLO,WINSUM
76985,WINSUM,SAUWERD
76985,SAUWERD,GRONINGEN NOORD
76985,GRONINGEN NOORD,GRONINGEN
76986,DELFZIJL,DELFZIJL WEST
76986,DELFZIJL WEST,APPINGEDAM
76986,APPINGEDAM,LOPPERSUM
76986,LOPPERSUM,STEDUM
76986,STEDUM,BEDUM
76986,BEDUM,SAUWERD
76986,SAUWERD,GRONINGEN NOORD
76986,GRONINGEN NOORD,GRONINGEN
76987,VEENDAM,ZUIDBROEK
76987,ZUIDBROEK,HOOGEZAND-SAPPEMEER
76987,HOOGEZAND-SAPPEMEER,MARTENSHOEK
76987,MARTENSHOEK,KROPSWOLDE
76987,KROPSWOLDE,GRONINGEN EUROPAPARK
76987,GRONINGEN EUROPAPARK,GRONINGEN
76990,BRUSSEL-ZUID/MIDI,BRUSSEL-CENTRAAL
76990,BRUSSEL-CENTRAAL,BRUSSEL-NOORD
76990,BRUSSEL-NOORD,BRUSSELS AIRPORT - ZAVENTEM
76990,BRUSSELS AIRPORT - ZAVENTEM,MECHELEN
76990,MECHELEN,ANTWERPEN-BERCHEM
76990,ANTWERPEN-BERCHEM,ANTWERPEN-CENTRAAL
76990,ANTWERPEN-CENTRAAL,NOORDERKEMPEN
76990,NOORDERKEMPEN,BREDA
76990,BREDA,ROTTERDAM CENTRAAL
76993,LEIDEN CENTRAAL,HOOFDDORP
76993,HOOFDDORP,SCHIPHOL AIRPORT
76993,SCHIPHOL AIRPORT,AMSTERDAM SLOTERDIJK
76993,AMSTERDAM SLOTERDIJK,AMSTERDAM CENTRAAL
77367,OLDENZAAL,HENGELO OOST
77367,HENGELO OOST,HENGELO
77574,HENGELO,BAD BENTHEIM
77590,DEN HELDER,DEN HELDER ZUID
77590,DEN HELDER ZUID,ANNA PAULOWNA
77590,ANNA PAULOWNA,SCHAGEN
77591,AMSTERDAM CENTRAAL,HILVERSUM
77591,HILVERSUM,AMERSFOORT CENTRAAL
77591,AMERSFOORT CENTRAAL,DEVENTER
77591,DEVENTER,ALMELO
77591,ALMELO,HENGELO
77591,HENGELO,BAD BENTHEIM
77591,BAD BENTHEIM,RHEINE
77591,RHEINE,OSNABRUCK HBF
77591,OSNABRUCK HBF,BUNDE (WESTF.)
77591,BUNDE (WESTF.),MINDEN (WESTF)
77591,MINDEN (WESTF),HANNOVER HBF
77592,BERLIN HBF,BERLIN-SPANDAU
77592,BERLIN-SPANDAU,STENDAL
77592,STENDAL,WOLFSBURG HBF
77592,WOLFSBURG HBF,HANNOVER HBF
77592,HANNOVER HBF,MINDEN (WESTF)
77592,MINDEN (WESTF),BUNDE (WESTF.)
77592,BUNDE (WESTF.),OSNABRUCK HBF
77592,OSNABRUCK HBF,RHEINE
77592,RHEINE,BAD BENTHEIM
77592,BAD BENTHEIM,HENGELO
77592,HENGELO,ALMELO
77592,ALMELO,DEVENTER
77592,DEVENTER,APELDOORN
77592,APELDOORN,AMERSFOORT CENTRAAL
77592,AMERSFOORT CENTRAAL,HILVERSUM
77592,HILVERSUM,AMSTERDAM CENTRAAL
77593,AMSTERDAM CENTRAAL,HILVERSUM
77593,HILVERSUM,AMERSFOORT CENTRAAL
77593,AMERSFOORT CENTRAAL,APELDOORN
77593,APELDOORN,DEVENTER
77593,DEVENTER,ALMELO
77593,ALMELO,HENGELO
77593,HENGELO,BAD BENTHEIM
77593,BAD BENTHEIM,RHEINE
77593,RHEINE,OSNABRUCK HBF
77593,OSNABRUCK HBF,BUNDE (WESTF.)
77593,BUNDE (WESTF.),BAD OEYNHAUSEN
77593,BAD OEYNHAUSEN,MINDEN (WESTF)
77593,MINDEN (WESTF),HANNOVER HBF
77593,HANNOVER HBF,WOLFSBURG HBF
77593,WOLFSBURG HBF,STENDAL
77593,STENDAL,BERLIN-SPANDAU
77593,BERLIN-SPANDAU,BERLIN HBF
77594,DORTMUND HBF,DORTMUND-KIRCHDERNE
77594,DORTMUND-KIRCHDERNE,DORTMUND-DERNE
77594,DORTMUND-DERNE,PREUSSEN
77594,PREUSSEN,LUNEN HBF
77594,LUNEN HBF,BORK (WESTF)
77594,BORK (WESTF),SELM-BEIFANG
77594,SELM-BEIFANG,SELM
77594,SELM,LUDINGHAUSEN
77594,LUDINGHAUSEN,DULMEN
77594,DULMEN,LETTE (KR COESFELD)
77594,LETTE (KR COESFELD),COESFELD (WESTF)
77594,COESFELD (WESTF),ROSENDAHL-HOLTWICK
77594,ROSENDAHL-HOLTWICK,LEGDEN
77594,LEGDEN,AHAUS
77594,AHAUS,EPE (WESTF)
77594,EPE (WESTF),GRONAU WESTF
77594,GRONAU WESTF,GLANERBRUG
77594,GLANERBRUG,ENSCHEDE DE ESCHMARKE
77594,ENSCHEDE DE ESCHMARKE,ENSCHEDE
77595,BRUSSEL-ZUID/MIDI,ANTWERPEN-CENTRAAL
77595,ANTWERPEN-CENTRAAL,ROTTERDAM CENTRAAL
77595,ROTTERDAM CENTRAAL,SCHIPHOL AIRPORT
77595,SCHIPHOL AIRPORT,AMSTERDAM CENTRAAL
77596,LEIDEN CENTRAAL,VOORHOUT
77596,VOORHOUT,HILLEGOM
77596,HILLEGOM,HEEMSTEDE-AERDENHOUT
77596,HEEMSTEDE-AERDENHOUT,HAARLEM
77597,LIEGE-GUILLEMINS,BRESSOUX
77597,BRESSOUX,VISE
77597,VISE,EIJSDEN
77597,EIJSDEN,MAASTRICHT RANDWYCK
77597,MAASTRICHT RANDWYCK,MAASTRICHT
77598,UTRECHT CENTRAAL,DRIEBERGEN-ZEIST
77598,DRIEBERGEN-ZEIST,VEENENDAAL-DE KLOMP
77598,VEENENDAAL-DE KLOMP,EDE-WAGENINGEN
77598,EDE-WAGENINGEN,ARNHEM CENTRAAL
77598,ARNHEM CENTRAAL,ELST
77598,ELST,NIJMEGEN
77599,SCHIPHOL AIRPORT,AMSTERDAM BIJLMER ARENA
77600,FRANKFURT (M) HBF,FRANKFURT FLUGHAFEN FERNB
77600,FRANKFURT FLUGHAFEN FERNB,KOLN HBF
77600,KOLN HBF,MONCHENGLADBACH HBF
77600,MONCHENGLADBACH HBF,HERTOGENBOSCH ('S)
77600,HERTOGENBOSCH ('S),UTRECHT CENTRAAL
77600,UTRECHT CENTRAAL,AMSTERDAM CENTRAAL
77601,FRANKFURT (M) HBF,FRANKFURT FLUGHAFEN FERNB
77601,FRANKFURT FLUGHAFEN FERNB,SIEGBURG
77601,SIEGBURG,KOLN MESSE/DEUTZ
77601,KOLN MESSE/DEUTZ,DUSSELDORF HBF
77601,DUSSELDORF HBF,DUISBURG HBF
77601,DUISBURG HBF,OBERHAUSEN HBF
77601,OBERHAUSEN HBF,ARNHEM CENTRAAL
77601,ARNHEM CENTRAAL,UTRECHT CENTRAAL
77601,UTRECHT CENTRAAL,AMSTERDAM CENTRAAL
77602,AMSTERDAM CENTRAAL,UTRECHT CENTRAAL
77602,UTRECHT CENTRAAL,HERTOGENBOSCH ('S)
77602,HERTOGENBOSCH ('S),MONCHENGLADBACH HBF
77602,MONCHENGLADBACH HBF,KOLN HBF
77602,KOLN HBF,SIEGBURG
77602,SIEGBURG,FRANKFURT FLUGHAFEN FERNB
77602,FRANKFURT FLUGHAFEN FERNB,MANNHEIM HBF
77602,MANNHEIM HBF,KARLSRUHE HBF
77602,KARLSRUHE HBF,OFFENBURG
77602,OFFENBURG,FREIBURG (BREISGAU) HBF
77602,FREIBURG (BREISGAU) HBF,BASEL BAD BF
77602,BASEL BAD BF,BASEL SBB
77603,FRANKFURT (M) HBF,FRANKFURT FLUGHAFEN FERNB
77603,FRANKFURT FLUGHAFEN FERNB,MONCHENGLADBACH HBF
77603,MONCHENGLADBACH HBF,HERTOGENBOSCH ('S)
77603,HERTOGENBOSCH ('S),UTRECHT CENTRAAL
77603,UTRECHT CENTRAAL,AMSTERDAM CENTRAAL
77604,TIEL,KESTEREN
77604,KESTEREN,OPHEUSDEN
77604,OPHEUSDEN,HEMMEN-DODEWAARD
77604,HEMMEN-DODEWAARD,ZETTEN-ANDELST
77604,ZETTEN-ANDELST,ELST
77605,APELDOORN,APELDOORN OSSEVELD
77605,APELDOORN OSSEVELD,TWELLO
77605,TWELLO,DEVENTER
77605,DEVENTER,DEVENTER COLMSCHATE
77605,DEVENTER COLMSCHATE,HOLTEN
77605,HOLTEN,RIJSSEN
77605,RIJSSEN,WIERDEN
77605,WIERDEN,ALMELO
77605,ALMELO,ALMELO DE RIET
77605,ALMELO DE RIET,BORNE
77605,BORNE,HENGELO
77605,HENGELO,ENSCHEDE KENNISPARK
77605,ENSCHEDE KENNISPARK,ENSCHEDE
77606,UTRECHT CENTRAAL,UTRECHT OVERVECHT
77606,UTRECHT OVERVECHT,HOLLANDSCHE RADING
77606,HOLLANDSCHE RADING,HILVERSUM SPORTPARK
77606,HILVERSUM SPORTPARK,HILVERSUM
77607,HOOFDDORP,SCHIPHOL AIRPORT
77607,SCHIPHOL AIRPORT,AMSTERDAM LELYLAAN
77607,AMSTERDAM LELYLAAN,AMSTERDAM SLOTERDIJK
77607,AMSTERDAM SLOTERDIJK,ZAANDAM
77607,ZAANDAM,ZAANDAM KOGERVELD
77607,ZAANDAM KOGERVELD,PURMEREND WEIDEVENNE
77607,PURMEREND WEIDEVENNE,PURMEREND
77607,PURMEREND,PURMEREND OVERWHERE
77607,PURMEREND OVERWHERE,HOORN
77607,HOORN,HOORN KERSENBOOGERD
77608,NIJMEGEN,NIJMEGEN LENT
77608,NIJMEGEN LENT,ELST
77608,ELST,ARNHEM ZUID
77608,ARNHEM ZUID,ARNHEM CENTRAAL
77608,ARNHEM CENTRAAL,ARNHEM VELPERPOORT
77608,ARNHEM VELPERPOORT,ARNHEM PRESIKHAAF
77608,ARNHEM PRESIKHAAF,VELP
77608,VELP,RHEDEN
77608,RHEDEN,DIEREN
77608,DIEREN,BRUMMEN
77608,BRUMMEN,ZUTPHEN
77609,AMSTERDAM CENTRAAL,AMSTERDAM MUIDERPOORT
77609,AMSTERDAM MUIDERPOORT,AMSTERDAM SCIENCE PARK
77609,AMSTERDAM SCIENCE PARK,DIEMEN
77609,DIEMEN,WEESP
77609,WEESP,NAARDEN-BUSSUM
77609,NAARDEN-BUSSUM,BUSSUM ZUID
77609,BUSSUM ZUID,HILVERSUM MEDIA PARK
77609,HILVERSUM MEDIA PARK,HILVERSUM
77609,HILVERSUM,BAARN
77609,BAARN,AMERSFOORT CENTRAAL
77610,HOUTEN CASTELLUM,UTRECHT CENTRAAL
77611,HEERLEN,SITTARD
77612,BERGEN OP ZOOM,ROOSENDAAL
77613,VLISSINGEN,MIDDELBURG
77613,MIDDELBURG,GOES
77613,GOES,BERGEN OP ZOOM
77613,BERGEN OP ZOOM,ROOSENDAAL
77614,MAASTRICHT,SITTARD
77614,SITTARD,ROERMOND
77614,ROERMOND,WEERT
77614,WEERT,EINDHOVEN CENTRAAL
77614,EINDHOVEN CENTRAAL,HERTOGENBOSCH ('S)
77614,HERTOGENBOSCH ('S),UTRECHT CENTRAAL
77614,UTRECHT CENTRAAL,AMSTERDAM AMSTEL
77614,AMSTERDAM AMSTEL,AMSTERDAM CENTRAAL
77614,AMSTERDAM CENTRAAL,AMSTERDAM SLOTERDIJK
77614,AMSTERDAM SLOTERDIJK,ZAANDAM
77614,ZAANDAM,CASTRICUM
77614,CASTRICUM,ALKMAAR
77614,ALKMAAR,ALKMAAR NOORD
77614,ALKMAAR NOORD,HEERHUGOWAARD
77614,HEERHUGOWAARD,SCHAGEN
77615,BREUKELEN,MAARSSEN
77615,MAARSSEN,UTRECHT ZUILEN
77615,UTRECHT ZUILEN,UTRECHT CENTRAAL
77615,UTRECHT CENTRAAL,UTRECHT VAARTSCHE RIJN
77615,UTRECHT VAARTSCHE RIJN,BUNNIK
77615,BUNNIK,DRIEBERGEN-ZEIST
77615,DRIEBERGEN-ZEIST,MAARN
77615,MAARN,VEENENDAAL WEST
77615,VEENENDAAL WEST,VEENENDAAL CENTRUM
77616,UTRECHT CENTRAAL,AMSTERDAM BIJLMER ARENA
77616,AMSTERDAM BIJLMER ARENA,AMSTERDAM ZUID
77616,AMSTERDAM ZUID,SCHIPHOL AIRPORT
77617,NIJMEGEN,NIJMEGEN GOFFERT
77617,NIJMEGEN GOFFERT,NIJMEGEN DUKENBURG
77617,NIJMEGEN DUKENBURG,WIJCHEN
77617,WIJCHEN,RAVENSTEIN
77617,RAVENSTEIN,OSS
77617,OSS,OSS WEST
77617,OSS WEST,ROSMALEN
77617,ROSMALEN,HERTOGENB ('S) OOST
77617,HERTOGENB ('S) OOST,HERTOGENBOSCH ('S)
77617,HERTOGENBOSCH ('S),TILBURG
77617,TILBURG,TILBURG UNIVERSITEIT
77617,TILBURG UNIVERSITEIT,TILBURG REESHOF
77617,TILBURG REESHOF,GILZE-RIJEN
77617,GILZE-RIJEN,BREDA
77617,BREDA,BREDA-PRINSENBEEK
77617,BREDA-PRINSENBEEK,LAGE ZWALUWE
77617,LAGE ZWALUWE,DORDRECHT ZUID
77617,DORDRECHT ZUID,DORDRECHT
77618,HERTOGENBOSCH ('S),HERTOGENB ('S) OOST
77618,HERTOGENB ('S) OOST,ROSMALEN
77618,ROSMALEN,OSS WEST
77618,OSS WEST,OSS
77618,OSS,RAVENSTEIN
77618,RAVENSTEIN,WIJCHEN
77618,WIJCHEN,NIJMEGEN DUKENBURG
77618,NIJMEGEN DUKENBURG,NIJMEGEN GOFFERT
77618,NIJMEGEN GOFFERT,NIJMEGEN
77619,EINDHOVEN CENTRAAL,EINDHOVEN STRIJP-S
77619,EINDHOVEN STRIJP-S,BEST
77619,BEST,BOXTEL
77619,BOXTEL,VUGHT
77619,VUGHT,HERTOGENBOSCH ('S)
77620,DEN HAAG HS,GOUDA
77620,GOUDA,GOUDA
77620,GOUDA,ROTTERDAM CENTRAAL
77621,ROTTERDAM CENTRAAL,GOUDA
77621,GOUDA,DEN HAAG HS
77621,DEN HAAG HS,LEIDEN CENTRAAL
77621,LEIDEN CENTRAAL,SCHIPHOL AIRPORT
77621,SCHIPHOL AIRPORT,AMSTERDAM CENTRAAL
77621,AMSTERDAM CENTRAAL,UTRECHT CENTRAAL
77622,APELDOORN,ZUTPHEN
77623,DEVENTER,APELDOORN
77623,APELDOORN,AMERSFOORT CENTRAAL
77623,AMERSFOORT CENTRAAL,UTRECHT CENTRAAL
77623,UTRECHT CENTRAAL,GOUDA
77623,GOUDA,DEN HAAG CENTRAAL
77624,DEN HAAG CENTRAAL,GOUDA
77624,GOUDA,UTRECHT CENTRAAL
77625,UTRECHT CENTRAAL,AMSTERDAM BIJLMER ARENA
77625,AMSTERDAM BIJLMER ARENA,AMSTERDAM CENTRAAL
77625,AMSTERDAM CENTRAAL,LEIDEN CENTRAAL
77625,LEIDEN CENTRAAL,DEN HAAG HS
77625,DEN HAAG HS,DELFT
77625,DELFT,ROTTERDAM CENTRAAL
77626,ROTTERDAM CENTRAAL,DELFT
77626,DELFT,DEN HAAG HS
77626,DEN HAAG HS,LEIDEN CENTRAAL
77626,LEIDEN CENTRAAL,SCHIPHOL AIRPORT
77626,SCHIPHOL AIRPORT,AMSTERDAM CENTRAAL
77626,AMSTERDAM CENTRAAL,AMSTERDAM BIJLMER ARENA
77626,AMSTERDAM BIJLMER ARENA,UTRECHT CENTRAAL
77627,AMSTERDAM CENTRAAL,AMSTERDAM BIJLMER ARENA
77627,AMSTERDAM BIJLMER ARENA,UTRECHT CENTRAAL
77628,EINDHOVEN CENTRAAL,TILBURG
77628,TILBURG,BREDA
77628,BREDA,DORDRECHT
77629,DEVENTER,APELDOORN
77629,APELDOORN,AMERSFOORT CENTRAAL
77629,AMERSFOORT CENTRAAL,HILVERSUM
77629,HILVERSUM,AMSTERDAM CENTRAAL
77630,DUSSELDORF HBF,NEUSS HBF
77630,NEUSS HBF,MONCHENGLADBACH HBF
77630,MONCHENGLADBACH HBF,VIERSEN
77630,VIERSEN,DULKEN
77630,DULKEN,BOISHEIM
77630,BOISHEIM,BREYELL
77630,BREYELL,KALDENKIRCHEN
77630,KALDENKIRCHEN,VENLO
77631,HERTOGENBOSCH ('S),ZALTBOMMEL
77631,ZALTBOMMEL,GELDERMALSEN
77631,GELDERMALSEN,CULEMBORG
77631,CULEMBORG,HOUTEN CASTELLUM
77631,HOUTEN CASTELLUM,HOUTEN
77631,HOUTEN,UTRECHT LUNETTEN
77631,UTRECHT LUNETTEN,UTRECHT VAARTSCHE RIJN
77631,UTRECHT VAARTSCHE RIJN,UTRECHT CENTRAAL
77632,BRUSSEL-ZUID/MIDI,BRUSSEL-CENTRAAL
77632,BRUSSEL-CENTRAAL,BRUSSEL-NOORD
77632,BRUSSEL-NOORD,BRUSSELS AIRPORT - ZAVENTEM
77632,BRUSSELS AIRPORT - ZAVENTEM,MECHELEN
77632,MECHELEN,ANTWERPEN-BERCHEM
77632,ANTWERPEN-BERCHEM,ANTWERPEN-CENTRAAL
77632,ANTWERPEN-CENTRAAL,NOORDERKEMPEN
77632,NOORDERKEMPEN,BREDA
77632,BREDA,ROTTERDAM CENTRAAL
77632,ROTTERDAM CENTRAAL,DEN HAAG HS
77632,DEN HAAG HS,SCHIPHOL AIRPORT
77632,SCHIPHOL AIRPORT,AMSTERDAM CENTRAAL
77633,AMSTERDAM CENTRAAL,UTRECHT CENTRAAL
77633,UTRECHT CENTRAAL,ARNHEM CENTRAAL
77633,ARNHEM CENTRAAL,DUSSELDORF HBF
77633,DUSSELDORF HBF,KOLN HBF
77633,KOLN HBF,BONN HBF
77633,BONN HBF,KOBLENZ HBF
77633,KOBLENZ HBF,MAINZ HBF
77633,MAINZ HBF,FRANKFURT FLUGHAFEN FERNB
77633,FRANKFURT FLUGHAFEN FERNB,WURZBURG HBF
77633,WURZBURG HBF,NURNBERG HBF
77633,NURNBERG HBF,AUGSBURG HBF
77633,AUGSBURG HBF,MUNCHEN HBF
77633,MUNCHEN HBF,KUFSTEIN
77633,KUFSTEIN,WORGL
77633,WORGL,JENBACH
77633,JENBACH,INNSBRUCK HBF
77634,NURNBERG HBF,FRANKFURT FLUGHAFEN FERNB
77634,FRANKFURT FLUGHAFEN FERNB,MAINZ HBF
77634,MAINZ HBF,KOBLENZ HBF
77634,KOBLENZ HBF,BONN HBF
77634,BONN HBF,HERTOGENBOSCH ('S)
77634,HERTOGENBOSCH ('S),UTRECHT CENTRAAL
77634,UTRECHT CENTRAAL,AMSTERDAM CENTRAAL
77635,AMSTERDAM CENTRAAL,UTRECHT CENTRAAL
77635,UTRECHT CENTRAAL,ARNHEM CENTRAAL
77635,ARNHEM CENTRAAL,DUSSELDORF HBF
77635,DUSSELDORF HBF,KOLN HBF
77635,KOLN HBF,BONN HBF
77635,BONN HBF,KOBLENZ HBF
77635,KOBLENZ HBF,MAINZ HBF
77635,MAINZ HBF,FRANKFURT FLUGHAFEN FERNB
77635,FRANKFURT FLUGHAFEN FERNB,WURZBURG HBF
77635,WURZBURG HBF,NURNBERG HBF
77638,EMMEN,EMMEN ZUID
77638,EMMEN ZUID,COEVORDEN
77638,COEVORDEN,HARDENBERG
77638,HARDENBERG,OMMEN
77638,OMMEN,DALFSEN
77638,DALFSEN,ZWOLLE
77639,LEEUWARDEN,FEANWALDEN
77639,FEANWALDEN,ZUIDHORN
77639,ZUIDHORN,GRONINGEN
77640,LEEUWARDEN,SNEEK NOORD
77640,SNEEK NOORD,SNEEK
77641,GRONINGEN,GRONINGEN EUROPAPARK
77641,GRONINGEN EUROPAPARK,KROPSWOLDE
77641,KROPSWOLDE,MARTENSHOEK
77641,MARTENSHOEK,HOOGEZAND-SAPPEMEER
77641,HOOGEZAND-SAPPEMEER,ZUIDBROEK
77641,ZUIDBROEK,SCHEEMDA
77641,SCHEEMDA,WINSCHOTEN
77641,WINSCHOTEN,BAD NIEUWESCHANS
77642,BRUSSEL-ZUID/MIDI,BRUSSEL-CENTRAAL
77642,BRUSSEL-CENTRAAL,BRUSSEL-NOORD
77642,BRUSSEL-NOORD,BRUSSELS AIRPORT - ZAVENTEM
77642,BRUSSELS AIRPORT - ZAVENTEM,MECHELEN
77642,MECHELEN,ANTWERPEN-BERCHEM
77642,ANTWERPEN-BERCHEM,ANTWERPEN-CENTRAAL
77642,ANTWERPEN-CENTRAAL,NOORDERKEMPEN
77642,NOORDERKEMPEN,BREDA
